severity_control,realization,seed,algorithm,failed_directed_edges,incident_count,responder_count,incidents,assigned,unreachable,reachability_pct,mean_response_s,median_response_s,p90_response_s,total_response_s,weighted_unmet_demand
0.1,0,2026,greedy,1155,10,8,10,8,2,80.0,817.0528687379258,767.3932063058371,1580.9216200639294,6536.422949903405,7
0.1,0,2026,global_min_cost,1155,10,8,10,8,2,80.0,624.3054092190038,671.9096376792415,958.9484500431552,4994.443273752029,8
0.1,1,2027,greedy,1135,10,8,10,7,3,70.0,933.4896495704737,827.9878072906421,1574.4315356782956,6534.427546993316,8
0.1,1,2027,global_min_cost,1135,10,8,10,7,3,70.0,754.3928143255444,819.1385147310971,1293.3423604617192,5280.7497002788095,12
0.1,2,2028,greedy,1146,10,8,10,8,2,80.0,971.2447222287155,961.1469403137266,1731.3055230171835,7769.957777829724,5
0.1,2,2028,global_min_cost,1146,10,8,10,8,2,80.0,574.9162902471554,370.46414830863756,1215.6335886086247,4599.330321977243,7
0.1,3,2029,greedy,1153,10,8,10,8,2,80.0,719.2237037519305,793.6774111175737,1259.3625369449117,5753.789630015443,8
0.1,3,2029,global_min_cost,1153,10,8,10,8,2,80.0,497.9448540661982,498.5556974320398,931.2279990201209,3983.5588325295857,2
0.1,4,2030,greedy,1176,10,8,10,8,2,80.0,632.0933859793702,336.9165836504146,1561.956190157238,5056.747087834961,3
0.1,4,2030,global_min_cost,1176,10,8,10,8,2,80.0,447.14989561468724,318.99195791505844,777.9058089459902,3577.199164917498,6
0.1,5,2031,greedy,1172,10,8,10,6,4,60.0,522.9861256660989,547.3591129192032,737.3966498614752,3137.916753996594,13
0.1,5,2031,global_min_cost,1172,10,8,10,6,4,60.0,283.4997885933056,305.4866243934878,446.78582705715814,1700.9987315598337,14
0.1,6,2032,greedy,1172,10,8,10,7,3,70.0,575.8938770445764,341.9321865526217,1199.9078065677108,4031.2571393120343,8
0.1,6,2032,global_min_cost,1172,10,8,10,7,3,70.0,437.0922836887999,328.9658494417912,868.6533771412674,3059.645985821599,12
0.1,7,2033,greedy,1089,10,8,10,8,2,80.0,1078.7016749990587,1108.238171195257,1722.5517999381555,8629.61339999247,2
0.1,7,2033,global_min_cost,1089,10,8,10,8,2,80.0,720.3674014099912,634.4426793691102,1338.2781629819142,5762.9392112799305,3
0.1,8,2034,greedy,1087,10,8,10,7,3,70.0,986.6522847672917,921.181411347788,1568.339227345802,6906.565993371042,10
0.1,8,2034,global_min_cost,1087,10,8,10,7,3,70.0,560.2230916741884,409.2284668749892,1179.7941880767073,3921.5616417193187,5
0.1,9,2035,greedy,1161,10,8,10,8,2,80.0,1081.6452954724432,857.8109269675294,2166.01474778754,8653.162363779546,4
0.1,9,2035,global_min_cost,1161,10,8,10,8,2,80.0,627.8199170174328,622.0502707196019,1177.8059544787038,5022.559336139462,2
0.1,10,2036,greedy,1152,10,8,10,8,2,80.0,752.3973528526876,643.3692533529036,1418.3879709084595,6019.178822821501,8
0.1,10,2036,global_min_cost,1152,10,8,10,8,2,80.0,670.3719736156264,414.0067158959408,1485.6563347341144,5362.975788925011,7
0.1,11,2037,greedy,1179,10,8,10,7,3,70.0,1071.8629135705448,1204.2750911114406,1765.700216400983,7503.0403949938145,13
0.1,11,2037,global_min_cost,1179,10,8,10,7,3,70.0,605.8529052572451,332.06297114630723,1369.5725247636844,4240.970336800716,9
0.1,12,2038,greedy,1162,10,8,10,8,2,80.0,607.1629486935809,591.6256270899586,883.3250796825441,4857.303589548647,6
0.1,12,2038,global_min_cost,1162,10,8,10,8,2,80.0,450.00867486498646,561.0149166130072,647.783456126408,3600.0693989198917,9
0.1,13,2039,greedy,1193,10,8,10,8,2,80.0,977.9364692333229,482.3148770339244,2448.617654843921,7823.491753866583,8
0.1,13,2039,global_min_cost,1193,10,8,10,8,2,80.0,812.4941006010017,435.2886047370009,1648.1032070988383,6499.952804808014,7
0.1,14,2040,greedy,1152,10,8,10,8,2,80.0,363.42299933029864,211.18515446182857,695.0532043398739,2907.3839946423896,5
0.1,14,2040,global_min_cost,1152,10,8,10,8,2,80.0,342.5765790511212,238.47955398842322,623.0091543240819,2740.612632408969,5
0.1,15,2041,greedy,1098,10,8,10,8,2,80.0,612.6645533394068,465.66672627547854,1187.3971325954037,4901.316426715255,6
0.1,15,2041,global_min_cost,1098,10,8,10,8,2,80.0,463.36407984220153,374.7518069765181,902.4572322089566,3706.9126387376127,4
0.1,16,2042,greedy,1075,10,8,10,7,3,70.0,613.1891600798195,441.3138852425047,1237.7249411295743,4292.3241205587365,13
0.1,16,2042,global_min_cost,1075,10,8,10,7,3,70.0,558.2915405993085,364.1028341230526,1178.2290318400594,3908.040784195159,13
0.1,17,2043,greedy,1127,10,8,10,8,2,80.0,837.9856742844204,511.1996364025538,1694.0666575876917,6703.885394275363,8
0.1,17,2043,global_min_cost,1127,10,8,10,8,2,80.0,666.1555096781325,528.4347790836592,1216.7596707573307,5329.24407742506,9
0.1,18,2044,greedy,1076,10,8,10,8,2,80.0,1121.002566796906,1006.4118545570755,1723.0471870245801,8968.020534375248,9
0.1,18,2044,global_min_cost,1076,10,8,10,8,2,80.0,972.6761264588811,853.9603825345459,1599.517424487881,7781.4090116710495,9
0.1,19,2045,greedy,1086,10,8,10,8,2,80.0,634.1607555882812,426.9181945839655,1398.216482342727,5073.286044706249,5
0.1,19,2045,global_min_cost,1086,10,8,10,8,2,80.0,456.62394745109293,365.1842369084799,1022.7565120399404,3652.991579608743,4
0.1,20,2046,greedy,1156,10,8,10,8,2,80.0,1213.4942397248,1026.1700720480328,2187.665481757425,9707.953917798399,6
0.1,20,2046,global_min_cost,1156,10,8,10,8,2,80.0,804.2417572587983,747.670938169843,1596.5313482667189,6433.934058070386,3
0.1,21,2047,greedy,1161,10,8,10,7,3,70.0,875.0860751321295,632.9861638870972,1668.9782256746735,6125.602525924906,10
0.1,21,2047,global_min_cost,1161,10,8,10,7,3,70.0,582.6813390304727,540.3414568646988,977.0032230343851,4078.7693732133093,6
0.1,22,2048,greedy,1182,10,8,10,7,3,70.0,969.8984557914913,578.363890404264,2006.5317402383332,6789.289190540439,11
0.1,22,2048,global_min_cost,1182,10,8,10,7,3,70.0,836.916845368965,527.7068238726098,1787.1541270978855,5858.417917582756,14
0.1,23,2049,greedy,1110,10,8,10,7,3,70.0,696.3897916374428,395.39681522439366,1393.7538832879127,4874.7285414621,4
0.1,23,2049,global_min_cost,1110,10,8,10,7,3,70.0,483.70011970748294,439.96700950053554,691.5496934601563,3385.900837952381,6
0.1,24,2050,greedy,1149,10,8,10,8,2,80.0,1091.2216080257392,1000.7718806209277,1880.6074296600343,8729.772864205914,5
0.1,24,2050,global_min_cost,1149,10,8,10,8,2,80.0,751.6404225639981,805.7982080410909,1228.751870328173,6013.1233805119855,3
0.1,25,2051,greedy,1141,10,8,10,8,2,80.0,980.9421959489918,744.5218272660766,1889.4395885184636,7847.537567591933,3
0.1,25,2051,global_min_cost,1141,10,8,10,8,2,80.0,427.1381997271317,158.65468576459173,999.5645947116559,3417.1055978170534,8
0.1,26,2052,greedy,1121,10,8,10,5,5,50.0,964.6955776061683,1173.2630803220534,1247.9622221702846,4823.477888030841,11
0.1,26,2052,global_min_cost,1121,10,8,10,5,5,50.0,535.271812029914,272.60812619959216,1194.273624358984,2676.3590601495703,14
0.1,27,2053,greedy,1122,10,8,10,7,3,70.0,1042.2715459335052,896.9665471006108,1755.32831656886,7295.900821534537,13
0.1,27,2053,global_min_cost,1122,10,8,10,7,3,70.0,711.5972451594605,454.41158969718526,1445.5668518382265,4981.180716116223,8
0.1,28,2054,greedy,1138,10,8,10,8,2,80.0,630.3962015237299,604.6603145329598,1057.3851060842053,5043.1696121898385,2
0.1,28,2054,global_min_cost,1138,10,8,10,8,2,80.0,472.9201212715065,352.9489807162674,847.7333842551225,3783.3609701720516,4
0.1,29,2055,greedy,1151,10,8,10,8,2,80.0,790.342684489654,829.1068179338894,1161.8504295177022,6322.741475917232,5
0.1,29,2055,global_min_cost,1151,10,8,10,8,2,80.0,650.9532954314616,675.6681331866845,992.708768489812,5207.626363451693,5
0.1,30,2056,greedy,1147,10,8,10,6,4,60.0,796.3861547282216,657.4524515128189,1428.085434702824,4778.31692836933,10
0.1,30,2056,global_min_cost,1147,10,8,10,6,4,60.0,572.275980208558,628.5380505873787,924.1337059956601,3433.6558812513476,9
0.1,31,2057,greedy,1230,10,8,10,8,2,80.0,2215.0077050711666,1103.2677126616745,5100.695590432596,17720.06164056933,6
0.1,31,2057,global_min_cost,1230,10,8,10,8,2,80.0,1924.668375289362,1322.2470770620375,4972.776143753709,15397.347002314897,6
0.1,32,2058,greedy,1174,10,8,10,6,4,60.0,764.2258518588233,648.2222755218717,1330.0169517537306,4585.35511115294,10
0.1,32,2058,global_min_cost,1174,10,8,10,6,4,60.0,417.8873985941451,427.70992560526565,565.4392354440675,2507.324391564871,11
0.1,33,2059,greedy,1093,10,8,10,8,2,80.0,627.5958129784311,386.65309107864323,1491.6097828592583,5020.766503827449,8
0.1,33,2059,global_min_cost,1093,10,8,10,8,2,80.0,559.9706968456928,336.8790243049989,1246.0599404937416,4479.765574765543,8
0.1,34,2060,greedy,1110,10,8,10,6,4,60.0,1232.246046687224,1079.5468790037366,2009.9412165554636,7393.476280123344,9
0.1,34,2060,global_min_cost,1110,10,8,10,6,4,60.0,747.3445750907804,316.0185385375345,1698.9500826242934,4484.067450544682,8
0.1,35,2061,greedy,1126,10,8,10,8,2,80.0,848.9040348164883,953.464360974785,1350.958436889087,6791.232278531907,7
0.1,35,2061,global_min_cost,1126,10,8,10,8,2,80.0,612.924763198736,628.4704737773261,1090.6682719242942,4903.398105589888,7
0.1,36,2062,greedy,1095,10,8,10,8,2,80.0,1177.2426801320914,720.4309593511549,2941.507839236334,9417.941441056731,4
0.1,36,2062,global_min_cost,1095,10,8,10,8,2,80.0,951.228576551618,513.9766505763507,2086.519640332756,7609.828612412943,4
0.1,37,2063,greedy,1123,10,8,10,8,2,80.0,401.5687447845536,305.6828873351446,681.0237342454851,3212.5499582764287,2
0.1,37,2063,global_min_cost,1123,10,8,10,8,2,80.0,314.405662523926,277.592256851044,537.6423021717976,2515.2453001914087,2
0.1,38,2064,greedy,1126,10,8,10,8,2,80.0,707.5613600228464,440.54589166496896,1505.9165736648467,5660.490880182771,7
0.1,38,2064,global_min_cost,1126,10,8,10,8,2,80.0,568.1699326403015,400.3059847978427,1193.9413856090332,4545.359461122411,4
0.1,39,2065,greedy,1131,10,8,10,8,2,80.0,623.9607092739196,556.2761409625994,885.9458700307205,4991.685674191357,9
0.1,39,2065,global_min_cost,1131,10,8,10,8,2,80.0,371.2954201076149,393.603839375621,538.4612537170691,2970.3633608609193,7
0.1,40,2066,greedy,1182,10,8,10,7,3,70.0,898.1036820115226,440.9960477112835,2255.4974483238348,6286.725774080658,9
0.1,40,2066,global_min_cost,1182,10,8,10,7,3,70.0,502.1411194709739,249.1976266039682,1052.360639450491,3514.9878362968166,11
0.1,41,2067,greedy,1161,10,8,10,7,3,70.0,1654.904094017524,697.0016351608286,3304.9729588583396,11584.328658122668,6
0.1,41,2067,global_min_cost,1161,10,8,10,7,3,70.0,1377.7374286581035,1200.6434845632828,2889.4911651661873,9644.162000606724,6
0.1,42,2068,greedy,1185,10,8,10,7,3,70.0,464.4133110441968,254.09998673430533,1031.504235611367,3250.8931773093777,8
0.1,42,2068,global_min_cost,1185,10,8,10,7,3,70.0,306.15305748180515,284.02428768243914,519.9492339733661,2143.0714023726364,8
0.1,43,2069,greedy,1170,10,8,10,7,3,70.0,810.168268252757,533.3508267295698,1577.32880330215,5671.177877769299,10
0.1,43,2069,global_min_cost,1170,10,8,10,7,3,70.0,538.1073799017933,281.2686355156402,1098.7697382065023,3766.751659312553,7
0.1,44,2070,greedy,1132,10,8,10,5,5,50.0,803.8302806749181,1020.7322629135095,1266.1735325783195,4019.1514033745907,14
0.1,44,2070,global_min_cost,1132,10,8,10,5,5,50.0,326.4083785575573,209.20584739107147,660.6261644123942,1632.0418927877863,13
0.1,45,2071,greedy,1195,10,8,10,8,2,80.0,1120.6284032607266,441.4005169879713,2751.5055550031343,8965.027226085813,7
0.1,45,2071,global_min_cost,1195,10,8,10,8,2,80.0,932.2951152489532,442.5325890592504,2398.06755675729,7458.360921991623,8
0.1,46,2072,greedy,1174,10,8,10,8,2,80.0,765.916327260036,758.7883052724478,1230.0199057398852,6127.330618080288,8
0.1,46,2072,global_min_cost,1174,10,8,10,8,2,80.0,554.2549132566123,362.4999612844041,1164.0228912795037,4434.039306052899,7
0.1,47,2073,greedy,1180,10,8,10,8,2,80.0,684.3317770386416,737.4089865384185,1200.8376044190102,5474.654216309133,7
0.1,47,2073,global_min_cost,1180,10,8,10,8,2,80.0,602.2773993730755,723.9709798348861,942.2608145195351,4818.219194984604,4
0.1,48,2074,greedy,1112,10,8,10,6,4,60.0,816.4121266520398,609.0422256792228,1607.392295781075,4898.472759912239,11
0.1,48,2074,global_min_cost,1112,10,8,10,7,3,70.0,755.7669198712324,393.1505959131369,1763.9455596272505,5290.368439098627,7
0.1,49,2075,greedy,1173,10,8,10,7,3,70.0,434.1156981849848,439.6234032918768,511.70151144657547,3038.809887294894,12
0.1,49,2075,global_min_cost,1173,10,8,10,7,3,70.0,264.4374751988927,215.07055496639416,483.5012591532365,1851.0623263922485,8
0.1,50,2076,greedy,1119,10,8,10,8,2,80.0,871.0754402880559,642.6253186222029,2091.503607066917,6968.603522304447,6
0.1,50,2076,global_min_cost,1119,10,8,10,8,2,80.0,570.3216138485667,398.06671250419186,1328.8451199282395,4562.572910788534,5
0.1,51,2077,greedy,1165,10,8,10,8,2,80.0,934.7997184087234,921.3702458932972,1551.2113182331625,7478.397747269786,6
0.1,51,2077,global_min_cost,1165,10,8,10,8,2,80.0,834.0676545550067,784.9914453942885,1355.940309394194,6672.5412364400545,6
0.1,52,2078,greedy,1149,10,8,10,7,3,70.0,992.8802050042166,979.3056615194962,1259.1545849543456,6950.161435029516,12
0.1,52,2078,global_min_cost,1149,10,8,10,7,3,70.0,818.3694238327255,1065.2044588237973,1259.878637404345,5728.58596682908,9
0.1,53,2079,greedy,1147,10,8,10,8,2,80.0,843.1035744830915,661.7087170109053,1554.6184608150807,6744.828595864732,7
0.1,53,2079,global_min_cost,1147,10,8,10,8,2,80.0,554.87970934221,327.1464037792746,1049.4861169939375,4439.03767473768,7
0.1,54,2080,greedy,1082,10,8,10,8,2,80.0,914.2347938857873,1003.4845738023721,1533.5496542687808,7313.878351086299,5
0.1,54,2080,global_min_cost,1082,10,8,10,8,2,80.0,734.9706520423149,595.4822926079718,1431.2389945311638,5879.765216338519,7
0.1,55,2081,greedy,1158,10,8,10,8,2,80.0,1216.0224321199921,1063.7552274591483,1901.5845394681223,9728.179456959937,4
0.1,55,2081,global_min_cost,1158,10,8,10,8,2,80.0,1112.5262528406183,963.5502125822577,1885.6735375565127,8900.210022724947,4
0.1,56,2082,greedy,1172,10,8,10,8,2,80.0,1088.846135744871,464.00193700140983,2575.602412387049,8710.769085958967,7
0.1,56,2082,global_min_cost,1172,10,8,10,8,2,80.0,753.0602789424786,561.6823147581887,1516.147533490758,6024.482231539829,9
0.1,57,2083,greedy,1113,10,8,10,7,3,70.0,664.7111664816038,567.7491156573526,1194.939366891861,4652.978165371226,10
0.1,57,2083,global_min_cost,1113,10,8,10,7,3,70.0,579.0995916194372,491.39716343385885,1083.0550240986497,4053.6971413360607,9
0.1,58,2084,greedy,1156,10,8,10,8,2,80.0,1008.1573263285421,775.4587695251446,2002.8123115577707,8065.258610628338,6
0.1,58,2084,global_min_cost,1156,10,8,10,8,2,80.0,840.2094393328103,568.0016171626736,1903.295326709187,6721.675514662484,6
0.1,59,2085,greedy,1139,10,8,10,7,3,70.0,860.2157812369874,832.7595289104288,1342.1025348964602,6021.510468658911,6
0.1,59,2085,global_min_cost,1139,10,8,10,7,3,70.0,700.861405248864,676.9447433012539,996.1767260626754,4906.029836742048,9
0.1,60,2086,greedy,1142,10,8,10,8,2,80.0,232.20267571557662,171.99500219066806,462.1743987869282,1857.621405724613,8
0.1,60,2086,global_min_cost,1142,10,8,10,8,2,80.0,232.2026757155766,171.99500219066806,449.4169452253846,1857.6214057246127,8
0.1,61,2087,greedy,1164,10,8,10,6,4,60.0,688.5258290565523,722.4269423179393,951.7436005068381,4131.154974339313,10
0.1,61,2087,global_min_cost,1164,10,8,10,6,4,60.0,513.6160122546514,479.25250585115475,759.9472351228779,3081.6960735279085,7
0.1,62,2088,greedy,1143,10,8,10,6,4,60.0,762.1609467181103,737.7803862350436,1067.2818765242166,4572.965680308662,14
0.1,62,2088,global_min_cost,1143,10,8,10,6,4,60.0,562.550417795752,579.7017675339783,907.2568107544544,3375.3025067745116,12
0.1,63,2089,greedy,1147,10,8,10,8,2,80.0,619.6276735044198,581.6753279320474,858.1126580700201,4957.0213880353585,8
0.1,63,2089,global_min_cost,1147,10,8,10,8,2,80.0,462.0245130894889,475.6731053347462,728.1184749626497,3696.196104715911,7
0.1,64,2090,greedy,1122,10,8,10,7,3,70.0,485.6335098818887,246.5112020692953,1211.0750093602437,3399.4345691732206,5
0.1,64,2090,global_min_cost,1122,10,8,10,7,3,70.0,258.0085917432689,102.53440276610716,650.6073380034136,1806.060142202882,8
0.1,65,2091,greedy,1127,10,8,10,7,3,70.0,742.8280527546932,758.9175080256646,1037.630006048671,5199.796369282852,8
0.1,65,2091,global_min_cost,1127,10,8,10,7,3,70.0,590.2606385048089,548.9939785019664,980.3561891562043,4131.824469533662,10
0.1,66,2092,greedy,1146,10,8,10,8,2,80.0,1295.9852758490001,868.9214834815581,2440.5970380057884,10367.882206792001,10
0.1,66,2092,global_min_cost,1146,10,8,10,8,2,80.0,953.2690913263596,560.4701785958016,1974.5027711922162,7626.1527306108765,7
0.1,67,2093,greedy,1110,10,8,10,8,2,80.0,529.5443522432247,396.62943255660264,884.2803529332857,4236.3548179457985,7
0.1,67,2093,global_min_cost,1110,10,8,10,8,2,80.0,471.3020584820055,424.62705409510977,677.9628292080419,3770.416467856044,3
0.1,68,2094,greedy,1178,10,8,10,7,3,70.0,1045.19719643385,741.3297093304091,1932.8859133741748,7316.38037503695,8
0.1,68,2094,global_min_cost,1178,10,8,10,7,3,70.0,657.0597595009316,387.5543974744023,1297.4466702745322,4599.4183165065215,11
0.1,69,2095,greedy,1120,10,8,10,8,2,80.0,903.4291979062698,508.2538955012541,1830.1973932174637,7227.433583250158,6
0.1,69,2095,global_min_cost,1120,10,8,10,8,2,80.0,783.4370120433726,560.2023489888951,1662.1182620411887,6267.496096346982,9
0.1,70,2096,greedy,1103,10,8,10,7,3,70.0,888.0018144712285,992.8816331937259,1363.5689370803743,6216.0127012985995,10
0.1,70,2096,global_min_cost,1103,10,8,10,7,3,70.0,483.9083387538557,386.9452820729189,741.4443007397891,3387.3583712769896,8
0.1,71,2097,greedy,1110,10,8,10,8,2,80.0,543.4260772513452,381.192046444011,1037.0698439818916,4347.4086180107615,4
0.1,71,2097,global_min_cost,1110,10,8,10,8,2,80.0,441.63715357717814,372.58717889303284,756.4827169888862,3533.0972286174247,5
0.1,72,2098,greedy,1133,10,8,10,7,3,70.0,818.258735536362,302.29289259335155,1779.8587025298182,5727.811148754534,12
0.1,72,2098,global_min_cost,1133,10,8,10,7,3,70.0,472.7630281862129,261.31338673862194,937.2052643160833,3309.341197303491,9
0.1,73,2099,greedy,1144,10,8,10,8,2,80.0,516.7515711966117,524.6699479632093,947.5621383463026,4134.012569572893,7
0.1,73,2099,global_min_cost,1144,10,8,10,8,2,80.0,386.5920564506427,211.67829617061253,857.0604249470318,3092.736451605141,7
0.1,74,2100,greedy,1168,10,8,10,6,4,60.0,802.9367326603099,707.2006961112527,1242.223510402229,4817.62039596186,12
0.1,74,2100,global_min_cost,1168,10,8,10,6,4,60.0,587.3309995153852,606.2981568815908,890.0533829369615,3523.985997092311,13
0.1,75,2101,greedy,1129,10,8,10,7,3,70.0,1199.2602940964046,1008.3187615857735,2185.5463569157864,8394.822058674832,7
0.1,75,2101,global_min_cost,1129,10,8,10,7,3,70.0,563.930585466377,318.55971534626747,1244.051355310561,3947.514098264639,11
0.1,76,2102,greedy,1122,10,8,10,6,4,60.0,652.0503135477361,483.5509537578887,1146.7640938332395,3912.301881286416,16
0.1,76,2102,global_min_cost,1122,10,8,10,6,4,60.0,443.51273696036856,357.10815861363295,784.7924380273059,2661.076421762211,14
0.1,77,2103,greedy,1138,10,8,10,7,3,70.0,1050.6976621075132,724.810541293902,2202.3179234664453,7354.883634752592,7
0.1,77,2103,global_min_cost,1138,10,8,10,7,3,70.0,547.336056290365,550.2192476426549,807.3255717019516,3831.352394032556,9
0.1,78,2104,greedy,1174,10,8,10,7,3,70.0,1157.4293554501705,697.8746372419108,2456.4085275625193,8102.005488151193,10
0.1,78,2104,global_min_cost,1174,10,8,10,7,3,70.0,1146.630202729017,1020.6951459161825,2033.138849853977,8026.4114191031185,10
0.1,79,2105,greedy,1122,10,8,10,8,2,80.0,313.4502187212109,240.47488283493607,617.1198985648698,2507.601749769687,3
0.1,79,2105,global_min_cost,1122,10,8,10,8,2,80.0,298.69040236981783,229.37181749827766,617.1198985648698,2389.5232189585427,2
0.1,80,2106,greedy,1152,10,8,10,8,2,80.0,558.7612452413566,377.61089649829876,1091.2760229282667,4470.089961930853,4
0.1,80,2106,global_min_cost,1152,10,8,10,8,2,80.0,450.85794274581076,307.4789155283154,806.1362684924851,3606.863541966486,7
0.1,81,2107,greedy,1146,10,8,10,8,2,80.0,648.3294272873627,597.2395799026424,1057.4454806765305,5186.635418298902,5
0.1,81,2107,global_min_cost,1146,10,8,10,8,2,80.0,462.2382927951166,483.11309703113693,724.630171303519,3697.9063423609327,8
0.1,82,2108,greedy,1130,10,8,10,8,2,80.0,908.4616098375059,947.6613304876058,1227.8033575886523,7267.692878700046,6
0.1,82,2108,global_min_cost,1130,10,8,10,8,2,80.0,671.7840377713896,618.9096622886623,1159.4529228833355,5374.272302171117,6
0.1,83,2109,greedy,1221,10,8,10,8,2,80.0,611.5602265988829,332.8606135085635,1242.962442298563,4892.481812791063,10
0.1,83,2109,global_min_cost,1221,10,8,10,8,2,80.0,478.5407972054394,226.10375982678238,1172.4509922238967,3828.326377643515,10
0.1,84,2110,greedy,1152,10,8,10,8,2,80.0,535.0023135903173,309.3969325116923,1334.969307460567,4280.018508722538,3
0.1,84,2110,global_min_cost,1152,10,8,10,8,2,80.0,435.65552057580896,334.0153683018869,955.9027978221826,3485.2441646064717,3
0.1,85,2111,greedy,1142,10,8,10,6,4,60.0,589.4122440937542,494.2878921105866,1043.0542549476957,3536.473464562526,9
0.1,85,2111,global_min_cost,1142,10,8,10,6,4,60.0,308.004766081991,156.28821667666014,629.97419199199,1848.028596491946,9
0.1,86,2112,greedy,1078,10,8,10,8,2,80.0,700.9195380985285,418.3201413461114,1221.717236378901,5607.356304788227,8
0.1,86,2112,global_min_cost,1078,10,8,10,8,2,80.0,365.4332605370201,330.7513596428519,680.9670636291138,2923.4660842961607,7
0.1,87,2113,greedy,1109,10,8,10,8,2,80.0,1124.8924698570486,868.0371375512203,2171.9296772005328,8999.139758856387,3
0.1,87,2113,global_min_cost,1109,10,8,10,8,2,80.0,765.0443166889088,602.5062736901184,1527.466223264969,6120.35453351127,5
0.1,88,2114,greedy,1179,10,8,10,5,5,50.0,870.8627907768653,764.6013738496562,1164.955641021665,4354.313953884327,16
0.1,88,2114,global_min_cost,1179,10,8,10,5,5,50.0,635.9847238935257,528.246902555767,991.481562885348,3179.9236194676287,14
0.1,89,2115,greedy,1120,10,8,10,8,2,80.0,670.1773393324811,345.3011735441,1392.0674200631117,5361.418714659849,5
0.1,89,2115,global_min_cost,1120,10,8,10,8,2,80.0,515.2533845636244,392.31341956605,849.959321743689,4122.027076508995,5
0.1,90,2116,greedy,1181,10,8,10,8,2,80.0,1048.58477941855,848.7260597418222,2236.6785113871224,8388.6782353484,7
0.1,90,2116,global_min_cost,1181,10,8,10,8,2,80.0,703.5508956855753,373.1567463472788,1676.9683825883658,5628.407165484602,8
0.1,91,2117,greedy,1132,10,8,10,8,2,80.0,772.1347449804052,783.8527594000061,1142.6431034533098,6177.077959843242,4
0.1,91,2117,global_min_cost,1132,10,8,10,8,2,80.0,639.6369589163909,656.9766537980576,958.9460175694819,5117.095671331127,7
0.1,92,2118,greedy,1174,10,8,10,8,2,80.0,655.6994427556973,562.6915686207932,1309.7139530729762,5245.595542045578,7
0.1,92,2118,global_min_cost,1174,10,8,10,8,2,80.0,501.0548306678044,437.2611126291683,954.428940134382,4008.4386453424354,3
0.1,93,2119,greedy,1155,10,8,10,8,2,80.0,901.6164652234856,479.21882785223806,2145.847439963374,7212.931721787885,6
0.1,93,2119,global_min_cost,1155,10,8,10,8,2,80.0,867.7077599640638,568.5469477867613,2016.3892175262897,6941.662079712511,7
0.1,94,2120,greedy,1153,10,8,10,7,3,70.0,903.5324405083024,592.3207711208469,1626.934051273391,6324.727083558117,12
0.1,94,2120,global_min_cost,1153,10,8,10,7,3,70.0,761.6518389401866,517.9303116650358,1730.726725095681,5331.562872581307,6
0.1,95,2121,greedy,1155,10,8,10,7,3,70.0,779.6957531232114,760.8487427289535,1025.6831913313138,5457.87027186248,6
0.1,95,2121,global_min_cost,1155,10,8,10,7,3,70.0,546.9282245472789,641.3402810205636,716.6824606930459,3828.497571830952,12
0.1,96,2122,greedy,1148,10,8,10,7,3,70.0,1229.8234495470908,867.0721489156764,2028.7496466808436,8608.764146829635,7
0.1,96,2122,global_min_cost,1148,10,8,10,7,3,70.0,865.8119189014337,359.4293620262484,1818.2274441828786,6060.6834323100375,10
0.1,97,2123,greedy,1145,10,8,10,8,2,80.0,565.7312715028818,420.92668440197747,1100.9200013243108,4525.850172023054,5
0.1,97,2123,global_min_cost,1145,10,8,10,8,2,80.0,320.99454255893886,263.2467217318748,503.9694926687268,2567.9563404715104,2
0.1,98,2124,greedy,1122,10,8,10,8,2,80.0,945.2077419846408,561.3545242006815,1847.987418592123,7561.661935877127,6
0.1,98,2124,global_min_cost,1122,10,8,10,8,2,80.0,640.6195397279886,474.7760669012778,1210.0905745834623,5124.956317823909,9
0.1,99,2125,greedy,1117,10,8,10,7,3,70.0,777.0394489692775,542.367781721333,1513.0745378298204,5439.276142784942,7
0.1,99,2125,global_min_cost,1117,10,8,10,7,3,70.0,720.5532940830603,475.8148562651377,1451.2049178446046,5043.873058581422,7
0.25,0,1002026,greedy,2819,10,8,10,3,7,30.0,472.36602034337346,531.3567716127053,585.551737329412,1417.0980610301203,17
0.25,0,1002026,global_min_cost,2819,10,8,10,3,7,30.0,322.5424456448727,286.64081065882624,536.6085451386363,967.6273369346181,21
0.25,1,1002027,greedy,2877,10,8,10,4,6,40.0,691.4577806391038,722.9405055781585,960.53504105694,2765.8311225564153,21
0.25,1,1002027,global_min_cost,2877,10,8,10,4,6,40.0,558.0481672657442,529.7747878222314,828.5637998098671,2232.192669062976,23
0.25,2,1002028,greedy,2833,10,8,10,6,4,60.0,534.7380132209992,505.0572863235608,1001.0891245358873,3208.428079325995,14
0.25,2,1002028,global_min_cost,2833,10,8,10,6,4,60.0,534.7380132209992,505.0572863235608,1001.0891245358873,3208.428079325995,14
0.25,3,1002029,greedy,2938,10,8,10,5,5,50.0,598.9922883309088,591.5244581985194,1063.5075038912855,2994.9614416545437,16
0.25,3,1002029,global_min_cost,2938,10,8,10,5,5,50.0,598.9922883309088,591.5244581985194,1063.5075038912855,2994.9614416545437,16
0.25,4,1002030,greedy,2929,10,8,10,2,8,20.0,524.3676023427927,524.3676023427927,738.7818254916523,1048.7352046855854,28
0.25,4,1002030,global_min_cost,2929,10,8,10,2,8,20.0,364.53481841927606,364.53481841927606,451.0828144293223,729.0696368385521,26
0.25,5,1002031,greedy,2884,10,8,10,2,8,20.0,407.48452552275285,407.48452552275285,422.9887354258473,814.9690510455057,26
0.25,5,1002031,global_min_cost,2884,10,8,10,2,8,20.0,339.5439247386721,339.5439247386721,378.3921954628422,679.0878494773442,25
0.25,6,1002032,greedy,2888,10,8,10,4,6,40.0,336.9805148020331,249.64002669349097,631.6026410411882,1347.9220592081324,20
0.25,6,1002032,global_min_cost,2888,10,8,10,4,6,40.0,204.19071525229614,190.74345433438833,326.3778750188996,816.7628610091845,20
0.25,7,1002033,greedy,2924,10,8,10,5,5,50.0,921.1518131868911,474.25617570310305,1792.6526164365296,4605.759065934456,11
0.25,7,1002033,global_min_cost,2924,10,8,10,5,5,50.0,444.2227329810376,390.0859318892078,657.1704814054732,2221.113664905188,11
0.25,8,1002034,greedy,2840,10,8,10,5,5,50.0,705.7745884509194,557.4339925056956,1181.6470904680962,3528.8729422545966,23
0.25,8,1002034,global_min_cost,2840,10,8,10,5,5,50.0,601.8382216036188,557.4339925056956,803.2407721980131,3009.191108018094,20
0.25,9,1002035,greedy,2899,10,8,10,3,7,30.0,465.7887117487989,464.5278531973307,477.19647660137844,1397.3661352463967,20
0.25,9,1002035,global_min_cost,2899,10,8,10,3,7,30.0,434.0930087134195,452.47464959667565,474.7858358812474,1302.2790261402588,19
0.25,10,1002036,greedy,2913,10,8,10,3,7,30.0,753.5232337028427,1024.2460361560477,1120.1552372587887,2260.569701108528,14
0.25,10,1002036,global_min_cost,2913,10,8,10,3,7,30.0,490.4390715554146,354.8800510921896,890.3728391432761,1471.317214666244,14
0.25,11,1002037,greedy,2892,10,8,10,3,7,30.0,199.4170672159581,239.49604275554688,297.28402731817073,598.2512016478743,21
0.25,11,1002037,global_min_cost,2892,10,8,10,3,7,30.0,171.9543792394645,157.10797882606607,280.8064145322746,515.8631377183935,24
0.25,12,1002038,greedy,2833,10,8,10,3,7,30.0,130.19698899277634,96.3862453229427,215.7533528769773,390.59096697832905,23
0.25,12,1002038,global_min_cost,2833,10,8,10,3,7,30.0,130.19698899277634,96.3862453229427,215.7533528769773,390.5909669783291,23
0.25,13,1002039,greedy,2865,10,8,10,3,7,30.0,631.3289591929596,585.2047687933216,714.9103826366847,1893.9868775788786,20
0.25,13,1002039,global_min_cost,2865,10,8,10,3,7,30.0,631.3289591929596,585.2047687933216,714.9103826366847,1893.9868775788786,20
0.25,14,1002040,greedy,2829,10,8,10,4,6,40.0,658.9226610265367,317.76458588125615,1393.5810032942577,2635.690644106147,18
0.25,14,1002040,global_min_cost,2829,10,8,10,4,6,40.0,652.9498870625451,305.81903795327304,1393.5810032942577,2611.7995482501806,16
0.25,15,1002041,greedy,2808,10,8,10,5,5,50.0,350.0368656623617,368.3514502490697,483.40232492408626,1750.1843283118085,15
0.25,15,1002041,global_min_cost,2808,10,8,10,5,5,50.0,350.0368656623617,368.3514502490697,483.40232492408626,1750.1843283118087,15
0.25,16,1002042,greedy,2831,10,8,10,4,6,40.0,1175.6142239635396,330.00991803906686,2918.0055452215315,4702.456895854159,15
0.25,16,1002042,global_min_cost,2831,10,8,10,4,6,40.0,1175.6142239635396,330.00991803906686,2918.0055452215315,4702.456895854159,15
0.25,17,1002043,greedy,2900,10,8,10,3,7,30.0,842.9552781567616,989.0154763366635,1148.880312567952,2528.8658344702844,23
0.25,17,1002043,global_min_cost,2900,10,8,10,3,7,30.0,429.6178475860142,351.0038365078469,599.7852157324853,1288.8535427580425,22
0.25,18,1002044,greedy,2834,10,8,10,4,6,40.0,966.9844679818907,977.7172556734113,1504.2401297164406,3867.9378719275624,30
0.25,18,1002044,global_min_cost,2834,10,8,10,4,6,40.0,719.0423085584503,506.5521514293322,1186.934166726071,2876.169234233801,28
0.25,19,1002045,greedy,2887,10,8,10,4,6,40.0,338.5732767468338,288.11478888541603,566.523692296314,1354.2931069873352,24
0.25,19,1002045,global_min_cost,2887,10,8,10,4,6,40.0,287.7326629783215,301.4956157578158,413.46531224655973,1150.930651913286,24
0.25,20,1002046,greedy,2885,10,8,10,3,7,30.0,1130.5775566653851,563.4025705674808,2035.5497504282132,3391.7326699961554,24
0.25,20,1002046,global_min_cost,2885,10,8,10,3,7,30.0,947.2650108571816,424.74355403527835,1703.3930153979816,2841.7950325715447,23
0.25,21,1002047,greedy,2781,10,8,10,5,5,50.0,701.0387527325506,559.9854445470328,1248.6108083734698,3505.1937636627526,15
0.25,21,1002047,global_min_cost,2781,10,8,10,5,5,50.0,621.8011386425046,655.1310706646556,966.5458534062259,3109.0056932125226,20
0.25,22,1002048,greedy,2833,10,8,10,3,7,30.0,1128.6517194151877,512.9758776940271,2274.588157970662,3385.9551582455633,17
0.25,22,1002048,global_min_cost,2833,10,8,10,3,7,30.0,1128.6517194151877,512.9758776940271,2274.588157970662,3385.9551582455633,17
0.25,23,1002049,greedy,2811,10,8,10,4,6,40.0,325.5526070083885,276.2372576265693,549.8752377023794,1302.210428033554,13
0.25,23,1002049,global_min_cost,2811,10,8,10,4,6,40.0,325.5526070083885,276.2372576265693,549.8752377023794,1302.210428033554,13
0.25,24,1002050,greedy,2953,10,8,10,6,4,60.0,962.5446732172337,646.9204901890499,1968.3113365645454,5775.2680393034025,15
0.25,24,1002050,global_min_cost,2953,10,8,10,6,4,60.0,492.2501739193041,302.79007293067014,1049.2285197095543,2953.5010435158247,14
0.25,25,1002051,greedy,2887,10,8,10,4,6,40.0,1109.1523797711045,1148.7078742915423,1696.3016484987706,4436.609519084419,20
0.25,25,1002051,global_min_cost,2887,10,8,10,4,6,40.0,1072.6259801514766,1040.5862614377231,1696.3016484987706,4290.503920605906,20
0.25,26,1002052,greedy,2868,10,8,10,3,7,30.0,922.8267904507817,1012.9469755916501,1500.5278966176752,2768.480371352345,20
0.25,26,1002052,global_min_cost,2868,10,8,10,3,7,30.0,792.5867686078718,802.6765977833686,989.4014585148157,2377.7603058236155,21
0.25,27,1002053,greedy,2893,10,8,10,5,5,50.0,443.91186976077034,466.17473397042284,793.3181517678972,2219.5593488038517,17
0.25,27,1002053,global_min_cost,2893,10,8,10,5,5,50.0,443.91186976077034,419.15883863768886,849.9954557452148,2219.5593488038517,17
0.25,28,1002054,greedy,2869,10,8,10,4,6,40.0,257.75134368028444,234.41057441732656,446.1399753115884,1031.0053747211377,17
0.25,28,1002054,global_min_cost,2869,10,8,10,4,6,40.0,194.9464078562312,166.42442312380714,373.12109552075543,779.7856314249249,16
0.25,29,1002055,greedy,2798,10,8,10,5,5,50.0,618.3065253834004,603.8187162190599,1138.8485977194368,3091.5326269170023,15
0.25,29,1002055,global_min_cost,2798,10,8,10,5,5,50.0,552.8057152285759,581.8683824423323,1016.6271109204786,2764.0285761428795,14
0.25,30,1002056,greedy,2877,10,8,10,1,9,10.0,30.29222230366629,30.29222230366629,30.29222230366629,30.29222230366629,21
0.25,30,1002056,global_min_cost,2877,10,8,10,1,9,10.0,30.29222230366629,30.29222230366629,30.29222230366629,30.29222230366629,21
0.25,31,1002057,greedy,2828,10,8,10,3,7,30.0,886.3327985991623,922.9551740556914,1311.3636183456522,2658.998395797487,25
0.25,31,1002057,global_min_cost,2828,10,8,10,3,7,30.0,226.31203093756622,249.42169824037478,267.52600870384043,678.9360928126987,22
0.25,32,1002058,greedy,2867,10,8,10,5,5,50.0,442.6406796816453,224.02010876945417,952.8651161282332,2213.2033984082263,10
0.25,32,1002058,global_min_cost,2867,10,8,10,5,5,50.0,442.6406796816453,224.02010876945417,952.8651161282332,2213.203398408226,10
0.25,33,1002059,greedy,2860,10,8,10,3,7,30.0,525.0301707301709,546.7950110761216,609.8879166377695,1575.0905121905125,19
0.25,33,1002059,global_min_cost,2860,10,8,10,3,7,30.0,525.0301707301709,546.7950110761216,609.8879166377695,1575.0905121905125,19
0.25,34,1002060,greedy,2809,10,8,10,4,6,40.0,545.9746061462469,262.56664882247594,1182.8879884745754,2183.898424584987,18
0.25,34,1002060,global_min_cost,2809,10,8,10,4,6,40.0,545.9746061462469,162.49383150479213,1284.1584209689752,2183.8984245849874,18
0.25,35,1002061,greedy,2843,10,8,10,3,7,30.0,294.8329478004228,387.3524378802161,448.669750109003,884.4988434012682,19
0.25,35,1002061,global_min_cost,2843,10,8,10,4,6,40.0,513.495859070573,255.11856513944593,1173.6250164180485,2053.983436282292,14
0.25,36,1002062,greedy,2785,10,8,10,5,5,50.0,934.536858500063,551.3401715808961,1855.1370209029144,4672.684292500315,15
0.25,36,1002062,global_min_cost,2785,10,8,10,5,5,50.0,934.5368585000629,982.1827586583379,1571.9578008500785,4672.684292500314,15
0.25,37,1002063,greedy,2911,10,8,10,4,6,40.0,551.2734739098238,541.6070976889735,659.4612856225451,2205.093895639295,17
0.25,37,1002063,global_min_cost,2911,10,8,10,4,6,40.0,359.9948115541325,362.3190235589338,566.8460972135485,1439.97924621653,16
0.25,38,1002064,greedy,2901,10,8,10,2,8,20.0,1636.2461763391132,1636.2461763391132,2916.5039489591527,3272.4923526782263,29
0.25,38,1002064,global_min_cost,2901,10,8,10,2,8,20.0,1636.2461763391132,1636.2461763391132,2916.5039489591527,3272.4923526782263,29
0.25,39,1002065,greedy,2874,10,8,10,2,8,20.0,1089.5452526091942,1089.5452526091942,1566.698540006598,2179.0905052183884,25
0.25,39,1002065,global_min_cost,2874,10,8,10,2,8,20.0,926.2368349136586,926.2368349136586,1534.036856467491,1852.4736698273173,22
0.25,40,1002066,greedy,2912,10,8,10,3,7,30.0,613.0824180490893,372.3513320036935,997.3490434904849,1839.2472541472675,21
0.25,40,1002066,global_min_cost,2912,10,8,10,3,7,30.0,197.8754651755989,190.28320909270155,320.2537764850378,593.6263955267966,23
0.25,41,1002067,greedy,2859,10,8,10,6,4,60.0,1254.7783130816192,492.8703173862934,3131.533252546853,7528.669878489714,13
0.25,41,1002067,global_min_cost,2859,10,8,10,6,4,60.0,1132.936234193297,296.1466924520815,2949.042300630027,6797.617405159783,15
0.25,42,1002068,greedy,2730,10,8,10,2,8,20.0,429.76723420999684,429.76723420999684,681.1823568003846,859.5344684199937,14
0.25,42,1002068,global_min_cost,2730,10,8,10,2,8,20.0,429.76723420999684,429.76723420999684,681.1823568003846,859.5344684199937,14
0.25,43,1002069,greedy,2900,10,8,10,4,6,40.0,1464.6730177668403,996.0265922237486,3049.7392153660385,5858.692071067361,17
0.25,43,1002069,global_min_cost,2900,10,8,10,4,6,40.0,1441.3159182280058,996.0265922237486,2775.095894422957,5765.263672912024,17
0.25,44,1002070,greedy,2787,10,8,10,2,8,20.0,1018.9280664329093,1018.9280664329093,1103.040371488628,2037.8561328658186,26
0.25,44,1002070,global_min_cost,2787,10,8,10,2,8,20.0,207.18723281901697,207.18723281901697,251.5238134338795,414.37446563803394,24
0.25,45,1002071,greedy,2900,10,8,10,3,7,30.0,347.29347225053573,457.96417065299204,548.4549401318812,1041.8804167516073,28
0.25,45,1002071,global_min_cost,2900,10,8,10,3,7,30.0,347.29347225053573,457.96417065299204,548.4549401318812,1041.880416751607,28
0.25,46,1002072,greedy,2799,10,8,10,5,5,50.0,570.1134634965829,384.0352479723239,983.0047963302321,2850.5673174829144,16
0.25,46,1002072,global_min_cost,2799,10,8,10,5,5,50.0,558.2749279207235,417.9757782938613,942.8088062797008,2791.3746396036177,16
0.25,47,1002073,greedy,2810,10,8,10,4,6,40.0,987.9261197438333,870.4746521637757,1640.4039535052789,3951.7044789753327,18
0.25,47,1002073,global_min_cost,2810,10,8,10,4,6,40.0,695.202970372594,627.3570959015503,820.6836973004835,2780.811881490376,18
0.25,48,1002074,greedy,2857,10,8,10,4,6,40.0,376.8940606557177,377.27510142595474,501.32778146087435,1507.5762426228707,13
0.25,48,1002074,global_min_cost,2857,10,8,10,4,6,40.0,376.8940606557177,377.27510142595474,538.7908223408849,1507.5762426228707,13
0.25,49,1002075,greedy,2844,10,8,10,4,6,40.0,680.5499760654836,703.7851976024521,1103.6724975327331,2722.1999042619345,17
0.25,49,1002075,global_min_cost,2844,10,8,10,4,6,40.0,599.4986971332834,541.6826397380516,1103.6724975327331,2397.9947885331335,20
0.25,50,1002076,greedy,2879,10,8,10,4,6,40.0,374.04479485002173,396.23168744237194,552.3817248232921,1496.179179400087,18
0.25,50,1002076,global_min_cost,2879,10,8,10,4,6,40.0,374.0447948500217,338.65435896389454,632.9899846931603,1496.1791794000867,18
0.25,51,1002077,greedy,2875,10,8,10,4,6,40.0,262.59589294995493,107.2207548445106,572.0218418658776,1050.3835717998195,20
0.25,51,1002077,global_min_cost,2875,10,8,10,4,6,40.0,243.41990185929507,219.98592696673393,403.1475624831073,973.6796074371803,20
0.25,52,1002078,greedy,2841,10,8,10,4,6,40.0,879.8835804797562,507.0044424640288,1976.390655147374,3519.5343219190254,20
0.25,52,1002078,global_min_cost,2841,10,8,10,4,6,40.0,672.8824875953486,93.00225669521343,1742.499216864908,2691.5299503813944,19
0.25,53,1002079,greedy,2839,10,8,10,2,8,20.0,120.1678730672677,120.1678730672677,156.68238734805695,240.3357461345354,20
0.25,53,1002079,global_min_cost,2839,10,8,10,2,8,20.0,120.1678730672677,120.1678730672677,156.68238734805695,240.3357461345354,20
0.25,54,1002080,greedy,2910,10,8,10,4,6,40.0,806.3193156886185,622.4801683181486,1368.1567364691914,3225.2772627544737,19
0.25,54,1002080,global_min_cost,2910,10,8,10,4,6,40.0,794.8560385590704,711.5425786597016,1368.1567364691914,3179.4241542362815,19
0.25,55,1002081,greedy,2928,10,8,10,2,8,20.0,504.48854590529504,504.48854590529504,592.6104630041145,1008.9770918105901,18
0.25,55,1002081,global_min_cost,2928,10,8,10,2,8,20.0,504.48854590529504,504.48854590529504,592.6104630041145,1008.9770918105901,18
0.25,56,1002082,greedy,2901,10,8,10,4,6,40.0,456.1704560179256,466.0840263807144,707.2711316548002,1824.6818240717023,22
0.25,56,1002082,global_min_cost,2901,10,8,10,4,6,40.0,456.1704560179256,466.0840263807144,707.2711316548002,1824.6818240717023,22
0.25,57,1002083,greedy,2780,10,8,10,4,6,40.0,424.500798017977,365.9469441556114,812.1524919160038,1698.0031920719082,15
0.25,57,1002083,global_min_cost,2780,10,8,10,4,6,40.0,258.8747596976235,188.3632686399593,490.46652503153564,1035.499038790494,15
0.25,58,1002084,greedy,2810,10,8,10,5,5,50.0,741.3238946704714,731.8967671217619,1143.4377756542635,3706.619473352357,13
0.25,58,1002084,global_min_cost,2810,10,8,10,5,5,50.0,452.463882628081,178.16359571514215,927.3675081962716,2262.319413140405,8
0.25,59,1002085,greedy,2851,10,8,10,5,5,50.0,625.694960710325,201.20847114801836,1513.2721451671791,3128.474803551625,15
0.25,59,1002085,global_min_cost,2851,10,8,10,5,5,50.0,625.6949607103251,201.20847114801836,1520.4721633960407,3128.4748035516254,15
0.25,60,1002086,greedy,2879,10,8,10,3,7,30.0,664.5569043754607,880.396135244925,967.0992544797556,1993.6707131263825,27
0.25,60,1002086,global_min_cost,2879,10,8,10,3,7,30.0,456.29354402366613,467.12043647090854,600.2023578696204,1368.8806320709984,23
0.25,61,1002087,greedy,2894,10,8,10,3,7,30.0,1021.5277517402105,544.4798219390517,1773.8543389348633,3064.5832552206316,14
0.25,61,1002087,global_min_cost,2894,10,8,10,3,7,30.0,715.7298080341667,544.4798219390517,1040.2001724971958,2147.1894241025,15
0.25,62,1002088,greedy,2792,10,8,10,2,8,20.0,871.3186520504551,871.3186520504551,1238.0598199097142,1742.6373041009101,19
0.25,62,1002088,global_min_cost,2792,10,8,10,2,8,20.0,135.5273292249746,135.5273292249746,179.17609255355512,271.0546584499492,19
0.25,63,1002089,greedy,2769,10,8,10,2,8,20.0,654.0821514141242,654.0821514141242,928.4766854901252,1308.1643028282483,24
0.25,63,1002089,global_min_cost,2769,10,8,10,2,8,20.0,654.0821514141242,654.0821514141242,928.4766854901252,1308.1643028282483,24
0.25,64,1002090,greedy,2856,10,8,10,3,7,30.0,310.36318725230683,307.4965266388129,535.6350252757234,931.0895617569204,20
0.25,64,1002090,global_min_cost,2856,10,8,10,3,7,30.0,221.62257425115806,141.00637671310082,422.5516440283935,664.8677227534743,23
0.25,65,1002091,greedy,2967,10,8,10,6,4,60.0,227.08253925207225,190.29349248835047,379.3609600468726,1362.4952355124333,9
0.25,65,1002091,global_min_cost,2967,10,8,10,6,4,60.0,222.91497322259303,230.65321144908285,326.4985429977026,1337.4898393355581,9
0.25,66,1002092,greedy,2912,10,8,10,4,6,40.0,1072.5661212862751,523.0621138371508,2332.1648765694713,4290.2644851451005,16
0.25,66,1002092,global_min_cost,2912,10,8,10,4,6,40.0,920.984203186035,360.5712022459802,2087.197251616694,3683.93681274414,16
0.25,67,1002093,greedy,2873,10,8,10,2,8,20.0,591.5002266241333,591.5002266241333,612.1820099076652,1183.0004532482667,27
0.25,67,1002093,global_min_cost,2873,10,8,10,2,8,20.0,352.7912572828146,352.7912572828146,564.4402160394015,705.5825145656293,29
0.25,68,1002094,greedy,2829,10,8,10,3,7,30.0,461.4473005390321,344.3581367596892,662.1078614396268,1384.3419016170963,22
0.25,68,1002094,global_min_cost,2829,10,8,10,3,7,30.0,294.48327737797973,298.4384722477958,341.37831199331407,883.4498321339393,26
0.25,69,1002095,greedy,2832,10,8,10,3,7,30.0,299.321926313782,295.7257861157528,372.1384140770936,897.9657789413459,26
0.25,69,1002095,global_min_cost,2832,10,8,10,3,7,30.0,299.27719861306224,295.7257861157528,372.1384140770936,897.8315958391868,27
0.25,70,1002096,greedy,2879,10,8,10,2,8,20.0,318.8689100667857,318.8689100667857,429.7380693771064,637.7378201335714,22
0.25,70,1002096,global_min_cost,2879,10,8,10,2,8,20.0,318.8689100667857,318.8689100667857,429.7380693771064,637.7378201335714,22
0.25,71,1002097,greedy,2837,10,8,10,5,5,50.0,264.75674096540416,282.1000561870936,314.10931201004695,1323.7837048270208,21
0.25,71,1002097,global_min_cost,2837,10,8,10,6,4,60.0,329.8988732321634,305.58175719473957,500.9716130981568,1979.3932393929806,16
0.25,72,1002098,greedy,2933,10,8,10,2,8,20.0,703.5125619838451,703.5125619838451,1158.8879946692546,1407.0251239676902,19
0.25,72,1002098,global_min_cost,2933,10,8,10,2,8,20.0,703.5125619838451,703.5125619838451,1158.8879946692546,1407.0251239676902,19
0.25,73,1002099,greedy,2934,10,8,10,3,7,30.0,931.0624900355407,841.194951154698,1347.8611724733214,2793.187470106622,27
0.25,73,1002099,global_min_cost,2934,10,8,10,3,7,30.0,610.8540883660252,513.9025227944306,775.7364654826445,1832.5622650980754,29
0.25,74,1002100,greedy,2864,10,8,10,4,6,40.0,354.5267174404958,168.88730269873923,807.5595787968667,1418.106869761983,19
0.25,74,1002100,global_min_cost,2864,10,8,10,4,6,40.0,354.5267174404958,168.88730269873923,807.5595787968667,1418.106869761983,19
0.25,75,1002101,greedy,2917,10,8,10,2,8,20.0,449.1952042683075,449.1952042683075,501.165985866317,898.390408536615,27
0.25,75,1002101,global_min_cost,2917,10,8,10,2,8,20.0,449.1952042683075,449.1952042683075,501.165985866317,898.390408536615,27
0.25,76,1002102,greedy,2824,10,8,10,4,6,40.0,386.2880797358864,355.51232196624113,589.1695826375192,1545.1523189435457,16
0.25,76,1002102,global_min_cost,2824,10,8,10,4,6,40.0,386.2880797358864,355.51232196624113,589.1695826375192,1545.1523189435454,16
0.25,77,1002103,greedy,2802,10,8,10,4,6,40.0,671.4262139172183,606.0395318235894,1026.3639259576516,2685.7048556688733,15
0.25,77,1002103,global_min_cost,2802,10,8,10,4,6,40.0,551.8323359189877,546.028598182721,618.7250149855818,2207.3293436759513,11
0.25,78,1002104,greedy,2815,10,8,10,3,7,30.0,893.1518391667905,771.1642146629935,1148.750263079159,2679.4555175003716,20
0.25,78,1002104,global_min_cost,2815,10,8,10,3,7,30.0,710.1642333794289,771.1642146629935,1017.2296175584111,2130.4927001382866,21
0.25,79,1002105,greedy,2806,10,8,10,4,6,40.0,494.68820241264046,457.3554244196074,921.558550258282,1978.752809650562,22
0.25,79,1002105,global_min_cost,2806,10,8,10,4,6,40.0,494.68820241264046,457.3554244196074,921.558550258282,1978.7528096505619,22
0.25,80,1002106,greedy,2907,10,8,10,3,7,30.0,462.0776577180162,385.27944055228,657.598361616794,1386.2329731540488,22
0.25,80,1002106,global_min_cost,2907,10,8,10,3,7,30.0,462.0776577180162,385.27944055228,657.598361616794,1386.2329731540488,22
0.25,81,1002107,greedy,2902,10,8,10,5,5,50.0,367.1149409864412,200.69320837788825,738.3278956977477,1835.574704932206,13
0.25,81,1002107,global_min_cost,2902,10,8,10,5,5,50.0,364.3568718370788,307.9200820811287,679.4167624745745,1821.784359185394,13
0.25,82,1002108,greedy,2905,10,8,10,4,6,40.0,766.0978755655595,711.9380217453659,1181.8358066107735,3064.3915022622377,17
0.25,82,1002108,global_min_cost,2905,10,8,10,4,6,40.0,704.0375865090831,695.7784007115218,1083.5841766521953,2816.1503460363324,20
0.25,83,1002109,greedy,2844,10,8,10,5,5,50.0,852.5475621488611,271.363479977613,2002.45416366475,4262.7378107443055,17
0.25,83,1002109,global_min_cost,2844,10,8,10,5,5,50.0,421.85034661229184,240.89388668533937,804.3541841891481,2109.251733061459,20
0.25,84,1002110,greedy,2851,10,8,10,6,4,60.0,1142.1484058091698,552.7983607376976,2480.0423207734448,6852.890434855019,12
0.25,84,1002110,global_min_cost,2851,10,8,10,6,4,60.0,1005.0448284443986,972.2569110057948,1725.710142844147,6030.268970666392,12
0.25,85,1002111,greedy,2852,10,8,10,3,7,30.0,131.43768891573643,114.98927362785732,174.49665272772984,394.3130667472093,15
0.25,85,1002111,global_min_cost,2852,10,8,10,3,7,30.0,131.43768891573643,114.98927362785732,174.49665272772984,394.3130667472093,15
0.25,86,1002112,greedy,2928,10,8,10,4,6,40.0,965.3793444724589,579.6711857179704,2049.884954621006,3861.517377889835,21
0.25,86,1002112,global_min_cost,2928,10,8,10,4,6,40.0,377.89833969472875,279.9597367688201,644.7073004026813,1511.593358778915,23
0.25,87,1002113,greedy,2884,10,8,10,3,7,30.0,491.15035353226284,557.622926360633,688.7278673360873,1473.4510605967885,31
0.25,87,1002113,global_min_cost,2884,10,8,10,3,7,30.0,315.82739798680467,342.3982835403823,397.0875597191382,947.4821939604141,27
0.25,88,1002114,greedy,2947,10,8,10,3,7,30.0,240.76320640026526,239.7216820538116,285.7305408900687,722.2896192007958,14
0.25,88,1002114,global_min_cost,2947,10,8,10,3,7,30.0,240.76320640026526,239.7216820538116,285.7305408900687,722.2896192007958,14
0.25,89,1002115,greedy,2800,10,8,10,2,8,20.0,896.6252012032921,896.6252012032921,1165.8920017231237,1793.2504024065843,25
0.25,89,1002115,global_min_cost,2800,10,8,10,2,8,20.0,811.2219993865845,811.2219993865845,1148.8113613597823,1622.443998773169,27
0.25,90,1002116,greedy,2860,10,8,10,1,9,10.0,31.274539691148163,31.274539691148163,31.274539691148163,31.274539691148163,25
0.25,90,1002116,global_min_cost,2860,10,8,10,1,9,10.0,31.274539691148163,31.274539691148163,31.274539691148163,31.274539691148163,25
0.25,91,1002117,greedy,2834,10,8,10,3,7,30.0,1493.0170290336578,1538.8789422255115,2240.7318698135573,4479.051087100973,22
0.25,91,1002117,global_min_cost,2834,10,8,10,3,7,30.0,1377.7805791245776,1538.8789422255115,1546.926162703609,4133.341737373733,22
0.25,92,1002118,greedy,2899,10,8,10,2,8,20.0,1648.0758353689957,1648.0758353689957,2241.0645842263834,3296.1516707379915,22
0.25,92,1002118,global_min_cost,2899,10,8,10,2,8,20.0,591.3697845462398,591.3697845462398,843.7458763470568,1182.7395690924795,21
0.25,93,1002119,greedy,2932,10,8,10,2,8,20.0,541.0695027751847,541.0695027751847,943.9187102515957,1082.1390055503693,28
0.25,93,1002119,global_min_cost,2932,10,8,10,2,8,20.0,541.0695027751847,541.0695027751847,943.9187102515957,1082.1390055503693,28
0.25,94,1002120,greedy,2819,10,8,10,1,9,10.0,2340.687592814836,2340.687592814836,2340.687592814836,2340.687592814836,27
0.25,94,1002120,global_min_cost,2819,10,8,10,1,9,10.0,2340.687592814836,2340.687592814836,2340.687592814836,2340.687592814836,27
0.25,95,1002121,greedy,2919,10,8,10,3,7,30.0,363.30639335471335,373.33246835907323,386.88095451920003,1089.9191800641402,28
0.25,95,1002121,global_min_cost,2919,10,8,10,3,7,30.0,318.47605769603086,326.31863564583506,377.47818797655236,955.4281730880925,29
0.25,96,1002122,greedy,2871,10,8,10,3,7,30.0,637.7472498860776,73.19298950264606,1451.9092343989907,1913.2417496582327,23
0.25,96,1002122,global_min_cost,2871,10,8,10,3,7,30.0,153.38822411396546,73.19298950264606,289.4475725459216,460.16467234189645,22
0.25,97,1002123,greedy,2815,10,8,10,4,6,40.0,177.52580432514458,160.1388433974236,300.3710884687324,710.1032173005783,17
0.25,97,1002123,global_min_cost,2815,10,8,10,4,6,40.0,177.52580432514458,160.1388433974236,300.3710884687324,710.1032173005782,17
0.25,98,1002124,greedy,2820,10,8,10,6,4,60.0,494.5179688148644,516.9567920908293,749.3202274615011,2967.1078128891863,15
0.25,98,1002124,global_min_cost,2820,10,8,10,6,4,60.0,494.5179688148644,516.9567920908293,749.3202274615011,2967.1078128891863,15
0.25,99,1002125,greedy,2824,10,8,10,5,5,50.0,1153.58194800409,596.0536726334522,2454.1184112822357,5767.90974002045,14
0.25,99,1002125,global_min_cost,2824,10,8,10,5,5,50.0,1059.7727084988403,422.57908647903434,2433.482736812976,5298.863542494202,16
0.4,0,2002026,greedy,4637,10,8,10,1,9,10.0,107.99470270326266,107.99470270326266,107.99470270326266,107.99470270326266,26
0.4,0,2002026,global_min_cost,4637,10,8,10,1,9,10.0,107.99470270326266,107.99470270326266,107.99470270326266,107.99470270326266,26
0.4,1,2002027,greedy,4560,10,8,10,2,8,20.0,490.5326137559931,490.5326137559931,599.1679520603855,981.0652275119862,25
0.4,1,2002027,global_min_cost,4560,10,8,10,2,8,20.0,438.7605113359475,438.7605113359475,505.9781677043034,877.521022671895,26
0.4,2,2002028,greedy,4519,10,8,10,1,9,10.0,218.4412220981085,218.4412220981085,218.4412220981085,218.4412220981085,29
0.4,2,2002028,global_min_cost,4519,10,8,10,1,9,10.0,218.4412220981085,218.4412220981085,218.4412220981085,218.4412220981085,29
0.4,3,2002029,greedy,4496,10,8,10,1,9,10.0,231.72515958181495,231.72515958181495,231.72515958181495,231.72515958181495,27
0.4,3,2002029,global_min_cost,4496,10,8,10,1,9,10.0,231.72515958181495,231.72515958181495,231.72515958181495,231.72515958181495,27
0.4,4,2002030,greedy,4515,10,8,10,1,9,10.0,599.9719240583873,599.9719240583873,599.9719240583873,599.9719240583873,33
0.4,4,2002030,global_min_cost,4515,10,8,10,1,9,10.0,599.9719240583873,599.9719240583873,599.9719240583873,599.9719240583873,33
0.4,5,2002031,greedy,4566,10,8,10,0,10,0.0,,,,0.0,33
0.4,5,2002031,global_min_cost,4566,10,8,10,0,10,0.0,,,,0.0,33
0.4,6,2002032,greedy,4531,10,8,10,0,10,0.0,,,,0.0,33
0.4,6,2002032,global_min_cost,4531,10,8,10,0,10,0.0,,,,0.0,33
0.4,7,2002033,greedy,4545,10,8,10,0,10,0.0,,,,0.0,28
0.4,7,2002033,global_min_cost,4545,10,8,10,0,10,0.0,,,,0.0,28
0.4,8,2002034,greedy,4525,10,8,10,1,9,10.0,199.21523270732396,199.21523270732396,199.21523270732396,199.21523270732396,28
0.4,8,2002034,global_min_cost,4525,10,8,10,1,9,10.0,199.21523270732396,199.21523270732396,199.21523270732396,199.21523270732396,28
0.4,9,2002035,greedy,4576,10,8,10,0,10,0.0,,,,0.0,28
0.4,9,2002035,global_min_cost,4576,10,8,10,0,10,0.0,,,,0.0,28
0.4,10,2002036,greedy,4655,10,8,10,0,10,0.0,,,,0.0,26
0.4,10,2002036,global_min_cost,4655,10,8,10,0,10,0.0,,,,0.0,26
0.4,11,2002037,greedy,4656,10,8,10,1,9,10.0,170.3522207162261,170.3522207162261,170.3522207162261,170.3522207162261,25
0.4,11,2002037,global_min_cost,4656,10,8,10,1,9,10.0,170.3522207162261,170.3522207162261,170.3522207162261,170.3522207162261,25
0.4,12,2002038,greedy,4543,10,8,10,1,9,10.0,430.8027067627336,430.8027067627336,430.8027067627336,430.8027067627336,30
0.4,12,2002038,global_min_cost,4543,10,8,10,1,9,10.0,430.8027067627336,430.8027067627336,430.8027067627336,430.8027067627336,30
0.4,13,2002039,greedy,4607,10,8,10,0,10,0.0,,,,0.0,30
0.4,13,2002039,global_min_cost,4607,10,8,10,0,10,0.0,,,,0.0,30
0.4,14,2002040,greedy,4553,10,8,10,0,10,0.0,,,,0.0,30
0.4,14,2002040,global_min_cost,4553,10,8,10,0,10,0.0,,,,0.0,30
0.4,15,2002041,greedy,4648,10,8,10,1,9,10.0,412.94687092566863,412.94687092566863,412.94687092566863,412.94687092566863,29
0.4,15,2002041,global_min_cost,4648,10,8,10,1,9,10.0,412.94687092566863,412.94687092566863,412.94687092566863,412.94687092566863,29
0.4,16,2002042,greedy,4528,10,8,10,0,10,0.0,,,,0.0,27
0.4,16,2002042,global_min_cost,4528,10,8,10,0,10,0.0,,,,0.0,27
0.4,17,2002043,greedy,4565,10,8,10,2,8,20.0,296.98346683275884,296.98346683275884,336.4942479417141,593.9669336655177,18
0.4,17,2002043,global_min_cost,4565,10,8,10,2,8,20.0,296.98346683275884,296.98346683275884,336.4942479417141,593.9669336655177,18
0.4,18,2002044,greedy,4523,10,8,10,2,8,20.0,259.0520735892019,259.0520735892019,433.8977776877979,518.1041471784038,25
0.4,18,2002044,global_min_cost,4523,10,8,10,2,8,20.0,259.0520735892019,259.0520735892019,433.8977776877979,518.1041471784038,25
0.4,19,2002045,greedy,4640,10,8,10,2,8,20.0,297.39797234115343,297.39797234115343,353.2768981295387,594.7959446823069,20
0.4,19,2002045,global_min_cost,4640,10,8,10,2,8,20.0,189.5833716252119,189.5833716252119,219.95612640957987,379.1667432504238,21
0.4,20,2002046,greedy,4585,10,8,10,0,10,0.0,,,,0.0,33
0.4,20,2002046,global_min_cost,4585,10,8,10,0,10,0.0,,,,0.0,33
0.4,21,2002047,greedy,4587,10,8,10,1,9,10.0,1010.6766231950404,1010.6766231950404,1010.6766231950404,1010.6766231950404,29
0.4,21,2002047,global_min_cost,4587,10,8,10,1,9,10.0,254.54761066449743,254.54761066449743,254.54761066449743,254.54761066449743,29
0.4,22,2002048,greedy,4512,10,8,10,0,10,0.0,,,,0.0,28
0.4,22,2002048,global_min_cost,4512,10,8,10,0,10,0.0,,,,0.0,28
0.4,23,2002049,greedy,4631,10,8,10,1,9,10.0,339.2850366753142,339.2850366753142,339.2850366753142,339.2850366753142,27
0.4,23,2002049,global_min_cost,4631,10,8,10,1,9,10.0,339.2850366753142,339.2850366753142,339.2850366753142,339.2850366753142,27
0.4,24,2002050,greedy,4516,10,8,10,0,10,0.0,,,,0.0,26
0.4,24,2002050,global_min_cost,4516,10,8,10,0,10,0.0,,,,0.0,26
0.4,25,2002051,greedy,4589,10,8,10,3,7,30.0,258.02065293473487,170.75114205938814,409.8113054179979,774.0619588042047,17
0.4,25,2002051,global_min_cost,4589,10,8,10,3,7,30.0,258.02065293473487,170.75114205938814,409.8113054179979,774.0619588042047,17
0.4,26,2002052,greedy,4583,10,8,10,4,6,40.0,500.7423492476706,375.24550991954834,839.9570847325907,2002.9693969906823,20
0.4,26,2002052,global_min_cost,4583,10,8,10,4,6,40.0,500.7423492476706,375.24550991954834,839.9570847325907,2002.9693969906823,20
0.4,27,2002053,greedy,4525,10,8,10,1,9,10.0,55.03906755831091,55.03906755831091,55.03906755831091,55.03906755831091,24
0.4,27,2002053,global_min_cost,4525,10,8,10,1,9,10.0,55.03906755831091,55.03906755831091,55.03906755831091,55.03906755831091,24
0.4,28,2002054,greedy,4570,10,8,10,1,9,10.0,149.93384283254534,149.93384283254534,149.93384283254534,149.93384283254534,27
0.4,28,2002054,global_min_cost,4570,10,8,10,1,9,10.0,149.93384283254534,149.93384283254534,149.93384283254534,149.93384283254534,27
0.4,29,2002055,greedy,4459,10,8,10,1,9,10.0,685.3395250840448,685.3395250840448,685.3395250840448,685.3395250840448,25
0.4,29,2002055,global_min_cost,4459,10,8,10,1,9,10.0,685.3395250840448,685.3395250840448,685.3395250840448,685.3395250840448,25
0.4,30,2002056,greedy,4510,10,8,10,0,10,0.0,,,,0.0,31
0.4,30,2002056,global_min_cost,4510,10,8,10,0,10,0.0,,,,0.0,31
0.4,31,2002057,greedy,4626,10,8,10,2,8,20.0,271.23872312434804,271.23872312434804,427.6792735200057,542.4774462486961,22
0.4,31,2002057,global_min_cost,4626,10,8,10,2,8,20.0,271.23872312434804,271.23872312434804,427.6792735200057,542.4774462486961,22
0.4,32,2002058,greedy,4604,10,8,10,1,9,10.0,344.63686135140756,344.63686135140756,344.63686135140756,344.63686135140756,24
0.4,32,2002058,global_min_cost,4604,10,8,10,1,9,10.0,344.63686135140756,344.63686135140756,344.63686135140756,344.63686135140756,24
0.4,33,2002059,greedy,4516,10,8,10,1,9,10.0,750.7455715422569,750.7455715422569,750.7455715422569,750.7455715422569,28
0.4,33,2002059,global_min_cost,4516,10,8,10,1,9,10.0,74.85967572824677,74.85967572824677,74.85967572824677,74.85967572824677,30
0.4,34,2002060,greedy,4515,10,8,10,1,9,10.0,292.1533953428266,292.1533953428266,292.1533953428266,292.1533953428266,26
0.4,34,2002060,global_min_cost,4515,10,8,10,1,9,10.0,292.1533953428266,292.1533953428266,292.1533953428266,292.1533953428266,26
0.4,35,2002061,greedy,4630,10,8,10,2,8,20.0,188.882203837168,188.882203837168,274.5755547663218,377.764407674336,27
0.4,35,2002061,global_min_cost,4630,10,8,10,2,8,20.0,188.882203837168,188.882203837168,274.5755547663218,377.764407674336,27
0.4,36,2002062,greedy,4649,10,8,10,1,9,10.0,682.4134389709488,682.4134389709488,682.4134389709488,682.4134389709488,23
0.4,36,2002062,global_min_cost,4649,10,8,10,1,9,10.0,682.4134389709488,682.4134389709488,682.4134389709488,682.4134389709488,23
0.4,37,2002063,greedy,4557,10,8,10,2,8,20.0,229.7915897583481,229.7915897583481,364.0081089948011,459.5831795166962,20
0.4,37,2002063,global_min_cost,4557,10,8,10,2,8,20.0,229.7915897583481,229.7915897583481,364.0081089948011,459.5831795166962,20
0.4,38,2002064,greedy,4595,10,8,10,1,9,10.0,154.69558290919207,154.69558290919207,154.69558290919207,154.69558290919207,24
0.4,38,2002064,global_min_cost,4595,10,8,10,1,9,10.0,154.69558290919207,154.69558290919207,154.69558290919207,154.69558290919207,24
0.4,39,2002065,greedy,4517,10,8,10,0,10,0.0,,,,0.0,34
0.4,39,2002065,global_min_cost,4517,10,8,10,0,10,0.0,,,,0.0,34
0.4,40,2002066,greedy,4635,10,8,10,1,9,10.0,142.9184520064628,142.9184520064628,142.9184520064628,142.9184520064628,28
0.4,40,2002066,global_min_cost,4635,10,8,10,1,9,10.0,142.9184520064628,142.9184520064628,142.9184520064628,142.9184520064628,28
0.4,41,2002067,greedy,4481,10,8,10,3,7,30.0,587.2762058558627,150.3064838801316,1222.1279445960538,1761.828617567588,24
0.4,41,2002067,global_min_cost,4481,10,8,10,3,7,30.0,244.4634644231788,150.3064838801316,399.3773651576124,733.3903932695365,21
0.4,42,2002068,greedy,4603,10,8,10,0,10,0.0,,,,0.0,32
0.4,42,2002068,global_min_cost,4603,10,8,10,0,10,0.0,,,,0.0,32
0.4,43,2002069,greedy,4539,10,8,10,2,8,20.0,137.92750662376383,137.92750662376383,237.10767337964404,275.85501324752767,25
0.4,43,2002069,global_min_cost,4539,10,8,10,2,8,20.0,137.92750662376383,137.92750662376383,237.10767337964404,275.85501324752767,25
0.4,44,2002070,greedy,4495,10,8,10,0,10,0.0,,,,0.0,33
0.4,44,2002070,global_min_cost,4495,10,8,10,0,10,0.0,,,,0.0,33
0.4,45,2002071,greedy,4474,10,8,10,2,8,20.0,243.61267875715407,243.61267875715407,267.2087400652555,487.22535751430814,24
0.4,45,2002071,global_min_cost,4474,10,8,10,2,8,20.0,243.61267875715407,243.61267875715407,267.2087400652555,487.22535751430814,24
0.4,46,2002072,greedy,4646,10,8,10,0,10,0.0,,,,0.0,36
0.4,46,2002072,global_min_cost,4646,10,8,10,0,10,0.0,,,,0.0,36
0.4,47,2002073,greedy,4552,10,8,10,0,10,0.0,,,,0.0,33
0.4,47,2002073,global_min_cost,4552,10,8,10,0,10,0.0,,,,0.0,33
0.4,48,2002074,greedy,4594,10,8,10,0,10,0.0,,,,0.0,25
0.4,48,2002074,global_min_cost,4594,10,8,10,0,10,0.0,,,,0.0,25
0.4,49,2002075,greedy,4565,10,8,10,2,8,20.0,583.9314023921754,583.9314023921754,923.4061201442579,1167.8628047843508,21
0.4,49,2002075,global_min_cost,4565,10,8,10,2,8,20.0,550.9984633895964,550.9984633895964,864.1268299396155,1101.9969267791928,21
0.4,50,2002076,greedy,4541,10,8,10,2,8,20.0,969.4555165179345,969.4555165179345,1070.8680429701897,1938.911033035869,19
0.4,50,2002076,global_min_cost,4541,10,8,10,2,8,20.0,969.4555165179345,969.4555165179345,1078.6204423201966,1938.911033035869,19
0.4,51,2002077,greedy,4519,10,8,10,2,8,20.0,1628.4754114178836,1628.4754114178836,2412.6306493347493,3256.950822835767,23
0.4,51,2002077,global_min_cost,4519,10,8,10,2,8,20.0,1628.4754114178836,1628.4754114178836,2412.6306493347493,3256.950822835767,23
0.4,52,2002078,greedy,4551,10,8,10,3,7,30.0,405.346985728464,487.39242004355935,623.5068512664685,1216.0409571853922,23
0.4,52,2002078,global_min_cost,4551,10,8,10,3,7,30.0,304.10567158437914,353.81151663994126,460.67623936283576,912.3170147531375,23
0.4,53,2002079,greedy,4657,10,8,10,3,7,30.0,292.6059127493776,297.29490634142303,425.28507754678276,877.8177382481329,27
0.4,53,2002079,global_min_cost,4657,10,8,10,3,7,30.0,292.6059127493776,297.29490634142303,425.28507754678276,877.8177382481329,27
0.4,54,2002080,greedy,4489,10,8,10,0,10,0.0,,,,0.0,26
0.4,54,2002080,global_min_cost,4489,10,8,10,0,10,0.0,,,,0.0,26
0.4,55,2002081,greedy,4476,10,8,10,0,10,0.0,,,,0.0,31
0.4,55,2002081,global_min_cost,4476,10,8,10,0,10,0.0,,,,0.0,31
0.4,56,2002082,greedy,4588,10,8,10,1,9,10.0,47.61954627087772,47.61954627087772,47.61954627087772,47.61954627087772,26
0.4,56,2002082,global_min_cost,4588,10,8,10,1,9,10.0,47.61954627087772,47.61954627087772,47.61954627087772,47.61954627087772,26
0.4,57,2002083,greedy,4511,10,8,10,1,9,10.0,487.0361053719425,487.0361053719425,487.0361053719425,487.0361053719425,27
0.4,57,2002083,global_min_cost,4511,10,8,10,1,9,10.0,487.0361053719425,487.0361053719425,487.0361053719425,487.0361053719425,27
0.4,58,2002084,greedy,4572,10,8,10,2,8,20.0,363.52839060355495,363.52839060355495,608.8399928916297,727.0567812071099,16
0.4,58,2002084,global_min_cost,4572,10,8,10,2,8,20.0,363.52839060355495,363.52839060355495,608.8399928916297,727.0567812071099,16
0.4,59,2002085,greedy,4548,10,8,10,4,6,40.0,305.559041350549,308.1508558468543,475.4550575405527,1222.236165402196,22
0.4,59,2002085,global_min_cost,4548,10,8,10,4,6,40.0,175.73018971798575,161.52609607074828,288.5493694779957,702.920758871943,19
0.4,60,2002086,greedy,4566,10,8,10,3,7,30.0,418.45379354534646,561.0874732276205,639.2632708518147,1255.3613806360395,25
0.4,60,2002086,global_min_cost,4566,10,8,10,3,7,30.0,418.45379354534646,561.0874732276205,639.2632708518147,1255.3613806360395,25
0.4,61,2002087,greedy,4630,10,8,10,1,9,10.0,93.86365551113553,93.86365551113553,93.86365551113553,93.86365551113553,22
0.4,61,2002087,global_min_cost,4630,10,8,10,1,9,10.0,93.86365551113553,93.86365551113553,93.86365551113553,93.86365551113553,22
0.4,62,2002088,greedy,4585,10,8,10,2,8,20.0,515.032256444266,515.032256444266,552.9456985692117,1030.064512888532,20
0.4,62,2002088,global_min_cost,4585,10,8,10,2,8,20.0,515.032256444266,515.032256444266,552.9456985692117,1030.064512888532,20
0.4,63,2002089,greedy,4580,10,8,10,3,7,30.0,133.10524747718335,96.3101034514181,229.89012383941963,399.31574243155006,22
0.4,63,2002089,global_min_cost,4580,10,8,10,3,7,30.0,133.10524747718335,96.3101034514181,229.89012383941963,399.31574243155006,22
0.4,64,2002090,greedy,4510,10,8,10,2,8,20.0,310.9082430112345,310.9082430112345,332.5296408056323,621.816486022469,26
0.4,64,2002090,global_min_cost,4510,10,8,10,2,8,20.0,310.9082430112345,310.9082430112345,332.5296408056323,621.816486022469,26
0.4,65,2002091,greedy,4546,10,8,10,1,9,10.0,456.6386862887759,456.6386862887759,456.6386862887759,456.6386862887759,23
0.4,65,2002091,global_min_cost,4546,10,8,10,1,9,10.0,456.6386862887759,456.6386862887759,456.6386862887759,456.6386862887759,23
0.4,66,2002092,greedy,4473,10,8,10,0,10,0.0,,,,0.0,34
0.4,66,2002092,global_min_cost,4473,10,8,10,0,10,0.0,,,,0.0,34
0.4,67,2002093,greedy,4511,10,8,10,0,10,0.0,,,,0.0,26
0.4,67,2002093,global_min_cost,4511,10,8,10,0,10,0.0,,,,0.0,26
0.4,68,2002094,greedy,4499,10,8,10,0,10,0.0,,,,0.0,24
0.4,68,2002094,global_min_cost,4499,10,8,10,0,10,0.0,,,,0.0,24
0.4,69,2002095,greedy,4664,10,8,10,3,7,30.0,196.20454107724794,207.59578819353146,275.27399671875344,588.6136232317438,25
0.4,69,2002095,global_min_cost,4664,10,8,10,3,7,30.0,196.20454107724794,207.59578819353146,275.27399671875344,588.6136232317439,25
0.4,70,2002096,greedy,4593,10,8,10,1,9,10.0,213.38185147518848,213.38185147518848,213.38185147518848,213.38185147518848,33
0.4,70,2002096,global_min_cost,4593,10,8,10,1,9,10.0,213.38185147518848,213.38185147518848,213.38185147518848,213.38185147518848,33
0.4,71,2002097,greedy,4611,10,8,10,1,9,10.0,521.8581976241002,521.8581976241002,521.8581976241002,521.8581976241002,25
0.4,71,2002097,global_min_cost,4611,10,8,10,1,9,10.0,521.8581976241002,521.8581976241002,521.8581976241002,521.8581976241002,25
0.4,72,2002098,greedy,4597,10,8,10,0,10,0.0,,,,0.0,29
0.4,72,2002098,global_min_cost,4597,10,8,10,0,10,0.0,,,,0.0,29
0.4,73,2002099,greedy,4574,10,8,10,4,6,40.0,620.552341524251,428.09708260815495,1294.791443496184,2482.209366097004,15
0.4,73,2002099,global_min_cost,4574,10,8,10,4,6,40.0,620.552341524251,428.09708260815495,1316.5050630078827,2482.209366097004,15
0.4,74,2002100,greedy,4577,10,8,10,1,9,10.0,1156.0771587318095,1156.0771587318095,1156.0771587318095,1156.0771587318095,29
0.4,74,2002100,global_min_cost,4577,10,8,10,1,9,10.0,1156.0771587318095,1156.0771587318095,1156.0771587318095,1156.0771587318095,29
0.4,75,2002101,greedy,4589,10,8,10,2,8,20.0,114.34485662796124,114.34485662796124,125.6610332593401,228.68971325592247,26
0.4,75,2002101,global_min_cost,4589,10,8,10,2,8,20.0,114.34485662796124,114.34485662796124,125.6610332593401,228.68971325592247,26
0.4,76,2002102,greedy,4594,10,8,10,1,9,10.0,463.19806136312,463.19806136312,463.19806136312,463.19806136312,30
0.4,76,2002102,global_min_cost,4594,10,8,10,1,9,10.0,463.19806136312,463.19806136312,463.19806136312,463.19806136312,30
0.4,77,2002103,greedy,4474,10,8,10,1,9,10.0,8.847370487845499,8.847370487845499,8.847370487845499,8.847370487845499,23
0.4,77,2002103,global_min_cost,4474,10,8,10,1,9,10.0,8.847370487845499,8.847370487845499,8.847370487845499,8.847370487845499,23
0.4,78,2002104,greedy,4599,10,8,10,2,8,20.0,856.3189934141957,856.3189934141957,1407.5504646443337,1712.6379868283914,23
0.4,78,2002104,global_min_cost,4599,10,8,10,2,8,20.0,856.3189934141957,856.3189934141957,1407.5504646443337,1712.6379868283914,23
0.4,79,2002105,greedy,4528,10,8,10,0,10,0.0,,,,0.0,37
0.4,79,2002105,global_min_cost,4528,10,8,10,0,10,0.0,,,,0.0,37
0.4,80,2002106,greedy,4589,10,8,10,0,10,0.0,,,,0.0,22
0.4,80,2002106,global_min_cost,4589,10,8,10,0,10,0.0,,,,0.0,22
0.4,81,2002107,greedy,4453,10,8,10,1,9,10.0,110.08918677265655,110.08918677265655,110.08918677265655,110.08918677265655,35
0.4,81,2002107,global_min_cost,4453,10,8,10,1,9,10.0,73.14091626474297,73.14091626474297,73.14091626474297,73.14091626474297,35
0.4,82,2002108,greedy,4559,10,8,10,0,10,0.0,,,,0.0,36
0.4,82,2002108,global_min_cost,4559,10,8,10,0,10,0.0,,,,0.0,36
0.4,83,2002109,greedy,4591,10,8,10,0,10,0.0,,,,0.0,29
0.4,83,2002109,global_min_cost,4591,10,8,10,0,10,0.0,,,,0.0,29
0.4,84,2002110,greedy,4613,10,8,10,0,10,0.0,,,,0.0,36
0.4,84,2002110,global_min_cost,4613,10,8,10,0,10,0.0,,,,0.0,36
0.4,85,2002111,greedy,4447,10,8,10,1,9,10.0,91.3927880032673,91.3927880032673,91.3927880032673,91.3927880032673,29
0.4,85,2002111,global_min_cost,4447,10,8,10,1,9,10.0,91.3927880032673,91.3927880032673,91.3927880032673,91.3927880032673,29
0.4,86,2002112,greedy,4525,10,8,10,1,9,10.0,272.7215679689485,272.7215679689485,272.7215679689485,272.7215679689485,24
0.4,86,2002112,global_min_cost,4525,10,8,10,1,9,10.0,272.7215679689485,272.7215679689485,272.7215679689485,272.7215679689485,24
0.4,87,2002113,greedy,4599,10,8,10,1,9,10.0,404.29907328870075,404.29907328870075,404.29907328870075,404.29907328870075,33
0.4,87,2002113,global_min_cost,4599,10,8,10,1,9,10.0,171.9360313696024,171.9360313696024,171.9360313696024,171.9360313696024,32
0.4,88,2002114,greedy,4499,10,8,10,1,9,10.0,390.29696483686695,390.29696483686695,390.29696483686695,390.29696483686695,24
0.4,88,2002114,global_min_cost,4499,10,8,10,1,9,10.0,271.45593104858335,271.45593104858335,271.45593104858335,271.45593104858335,26
0.4,89,2002115,greedy,4517,10,8,10,1,9,10.0,328.2819327346038,328.2819327346038,328.2819327346038,328.2819327346038,18
0.4,89,2002115,global_min_cost,4517,10,8,10,1,9,10.0,328.2819327346038,328.2819327346038,328.2819327346038,328.2819327346038,18
0.4,90,2002116,greedy,4509,10,8,10,0,10,0.0,,,,0.0,31
0.4,90,2002116,global_min_cost,4509,10,8,10,0,10,0.0,,,,0.0,31
0.4,91,2002117,greedy,4521,10,8,10,2,8,20.0,387.96062524795946,387.96062524795946,513.1763058846261,775.9212504959189,23
0.4,91,2002117,global_min_cost,4521,10,8,10,2,8,20.0,387.96062524795946,387.96062524795946,513.1763058846261,775.9212504959189,23
0.4,92,2002118,greedy,4575,10,8,10,1,9,10.0,298.06084795257175,298.06084795257175,298.06084795257175,298.06084795257175,24
0.4,92,2002118,global_min_cost,4575,10,8,10,1,9,10.0,298.06084795257175,298.06084795257175,298.06084795257175,298.06084795257175,24
0.4,93,2002119,greedy,4524,10,8,10,2,8,20.0,207.85172054449805,207.85172054449805,349.6346023680008,415.7034410889961,28
0.4,93,2002119,global_min_cost,4524,10,8,10,2,8,20.0,207.85172054449805,207.85172054449805,349.6346023680008,415.7034410889961,28
0.4,94,2002120,greedy,4586,10,8,10,1,9,10.0,322.18960076383877,322.18960076383877,322.18960076383877,322.18960076383877,23
0.4,94,2002120,global_min_cost,4586,10,8,10,1,9,10.0,322.18960076383877,322.18960076383877,322.18960076383877,322.18960076383877,23
0.4,95,2002121,greedy,4462,10,8,10,2,8,20.0,206.88265529463513,206.88265529463513,258.49098927119536,413.76531058927026,29
0.4,95,2002121,global_min_cost,4462,10,8,10,2,8,20.0,206.88265529463513,206.88265529463513,258.49098927119536,413.76531058927026,29
0.4,96,2002122,greedy,4599,10,8,10,1,9,10.0,950.4695455766478,950.4695455766478,950.4695455766478,950.4695455766478,24
0.4,96,2002122,global_min_cost,4599,10,8,10,1,9,10.0,950.4695455766478,950.4695455766478,950.4695455766478,950.4695455766478,24
0.4,97,2002123,greedy,4577,10,8,10,0,10,0.0,,,,0.0,30
0.4,97,2002123,global_min_cost,4577,10,8,10,0,10,0.0,,,,0.0,30
0.4,98,2002124,greedy,4695,10,8,10,0,10,0.0,,,,0.0,27
0.4,98,2002124,global_min_cost,4695,10,8,10,0,10,0.0,,,,0.0,27
0.4,99,2002125,greedy,4480,10,8,10,2,8,20.0,391.7473677515023,391.7473677515023,427.0874040071035,783.4947355030046,26
0.4,99,2002125,global_min_cost,4480,10,8,10,2,8,20.0,391.7473677515023,391.7473677515023,427.0874040071035,783.4947355030046,26
