metric,severity_control,responder_count,n_pairs,mean_greedy_minus_global,bootstrap_ci_low,bootstrap_ci_high,permutation_p_value,holm_adjusted_p_value,effect_size_dz,global_win_rate_pct,tie_rate_pct
mean_response_s,0.1,8,100,240.83239813416188,208.00741143468187,275.33719376958106,0.0001999600079984003,0.01279744051189762,1.3625831367846137,99.0,1.0
mean_response_s,0.1,10,100,127.53140264750111,108.41342551466755,147.59087461879233,0.0001999600079984003,0.01279744051189762,1.2869040488881724,98.0,2.0
mean_response_s,0.1,12,100,70.35440721438687,58.33111865138204,84.07478919891238,0.0001999600079984003,0.01279744051189762,1.0588877957613039,97.0,2.0
mean_response_s,0.1,14,100,51.16371132358834,42.48891425401361,60.0961637468883,0.0001999600079984003,0.01279744051189762,1.1301227646878529,85.0,14.000000000000002
mean_response_s,0.1,16,100,35.83904698057201,28.76737445255453,43.57793478899117,0.0001999600079984003,0.01279744051189762,0.9499931271434767,88.0,12.0
mean_response_s,0.1,20,100,21.83097294034896,17.175586406096606,26.862789795798143,0.0001999600079984003,0.01279744051189762,0.8635909137500118,87.0,13.0
mean_response_s,0.1,24,100,16.00590698760298,12.006563342458204,20.45714931317983,0.0001999600079984003,0.01279744051189762,0.7274122672134388,77.0,23.0
mean_response_s,0.1,32,100,10.269294110163537,7.695020255104425,13.10030167007939,0.0001999600079984003,0.01279744051189762,0.7690672343264309,65.0,34.0
mean_response_s,0.12,8,100,261.41331691279885,217.68773901930047,309.9562459808683,0.0001999600079984003,0.01279744051189762,1.0779285689327198,99.0,0.0
mean_response_s,0.12,10,100,149.23681181012464,123.13249259574131,178.19411128847563,0.0001999600079984003,0.01279744051189762,1.0716517150947469,97.0,1.0
mean_response_s,0.12,12,100,83.05697561323339,65.8245352732287,103.9893836631896,0.0001999600079984003,0.01279744051189762,0.8461505212583476,93.0,5.0
mean_response_s,0.12,14,100,60.16659923566371,49.11578556837326,72.10076590732965,0.0001999600079984003,0.01279744051189762,1.0313545871915055,88.0,11.0
mean_response_s,0.12,16,100,40.24237325499149,30.188723762467664,51.120879995934544,0.0001999600079984003,0.01279744051189762,0.7563186405683371,84.0,15.0
mean_response_s,0.12,20,100,19.990764674407043,14.453562135827726,25.848160648739245,0.0001999600079984003,0.01279744051189762,0.6903328680001074,79.0,20.0
mean_response_s,0.12,24,100,16.023223281554174,10.855590753494921,21.641974496558337,0.0001999600079984003,0.01279744051189762,0.5714855159037813,73.0,26.0
mean_response_s,0.12,32,100,10.213393817252003,6.916256095861602,13.702859120776875,0.0001999600079984003,0.01279744051189762,0.5765386465116611,62.0,37.0
mean_response_s,0.13,8,100,259.59088656341476,215.7909316191258,310.5514107512133,0.0001999600079984003,0.01279744051189762,1.0443159389879932,99.0,0.0
mean_response_s,0.13,10,100,147.02499128721203,120.00669826295177,174.0035480655015,0.0001999600079984003,0.01279744051189762,1.065410182890095,95.0,4.0
mean_response_s,0.13,12,100,76.77265783629436,59.491277583800006,95.32585552329924,0.0001999600079984003,0.01279744051189762,0.8278089650979348,91.0,7.000000000000001
mean_response_s,0.13,14,100,53.578645022661135,41.86692425879858,65.9173798953423,0.0001999600079984003,0.01279744051189762,0.848904896854252,84.0,12.0
mean_response_s,0.13,16,100,35.14248894808323,25.265229481773062,45.923427031174924,0.0001999600079984003,0.01279744051189762,0.6726412212376852,77.0,18.0
mean_response_s,0.13,20,100,21.683760991313825,16.645243941880295,26.98550577751927,0.0001999600079984003,0.01279744051189762,0.8327095442409058,76.0,22.0
mean_response_s,0.13,24,100,16.878488368641186,12.746180499280383,21.66052590618311,0.0001999600079984003,0.01279744051189762,0.7411710857166207,72.0,26.0
mean_response_s,0.13,32,100,11.386341383477578,8.379379051012423,14.421862203920709,0.0001999600079984003,0.01279744051189762,0.7218206624254959,60.0,40.0
mean_response_s,0.14,8,100,288.956372814502,242.00379287863615,346.6607577616737,0.0001999600079984003,0.01279744051189762,1.0800344250865317,99.0,0.0
mean_response_s,0.14,10,100,153.27042872327908,126.86147777586622,179.4427536903776,0.0001999600079984003,0.01279744051189762,1.1157945423980635,97.0,2.0
mean_response_s,0.14,12,100,88.67560091810036,64.80747141393951,118.3322764708716,0.0001999600079984003,0.01279744051189762,0.6372196174956777,90.0,8.0
mean_response_s,0.14,14,100,60.332433972941864,44.3932462787879,82.63157904626118,0.0001999600079984003,0.01279744051189762,0.6129799323777037,88.0,11.0
mean_response_s,0.14,16,100,40.29610732514776,31.089998886089333,50.818325214184185,0.0001999600079984003,0.01279744051189762,0.7803645729597536,82.0,17.0
mean_response_s,0.14,20,100,27.71617363484258,20.67315513015901,36.049437567764386,0.0001999600079984003,0.01279744051189762,0.720504581961458,74.0,24.0
mean_response_s,0.14,24,100,20.48309052684097,15.083750439635027,26.08587656989536,0.0001999600079984003,0.01279744051189762,0.7035000485901446,74.0,25.0
mean_response_s,0.14,32,100,12.984453439387197,9.556226760492525,16.779420523178167,0.0001999600079984003,0.01279744051189762,0.7079970450316829,71.0,28.999999999999996
mean_response_s,0.15,8,100,274.69661585716955,236.463281090049,317.1123151237985,0.0001999600079984003,0.01279744051189762,1.3057702066542576,99.0,0.0
mean_response_s,0.15,10,100,164.0804975585184,137.9530093734344,192.42899040266707,0.0001999600079984003,0.01279744051189762,1.160731858978941,95.0,3.0
mean_response_s,0.15,12,100,96.10199789841799,71.81762643953897,127.37933675056225,0.0001999600079984003,0.01279744051189762,0.6704638902615132,91.0,7.000000000000001
mean_response_s,0.15,14,100,60.03600038062174,43.450768917299584,82.36493978665149,0.0001999600079984003,0.01279744051189762,0.6006592551669189,86.0,12.0
mean_response_s,0.15,16,100,44.36415418055172,34.26591578822036,55.078410714879084,0.0001999600079984003,0.01279744051189762,0.8312220613979692,81.0,18.0
mean_response_s,0.15,20,100,30.99947915882107,22.928958993359924,40.276160956326635,0.0001999600079984003,0.01279744051189762,0.7059161971175839,77.0,22.0
mean_response_s,0.15,24,100,24.133373697707285,17.299073240757707,31.789864568794805,0.0001999600079984003,0.01279744051189762,0.6421899215101797,74.0,26.0
mean_response_s,0.15,32,100,13.937298482351821,9.88647405196052,18.584226184941613,0.0001999600079984003,0.01279744051189762,0.6212878037801791,64.0,35.0
mean_response_s,0.16,8,100,261.38669692468613,216.3184276461758,309.61909680722687,0.0001999600079984003,0.01279744051189762,1.0838841006652415,97.0,1.0
mean_response_s,0.16,10,100,159.97441468055482,126.90533479220193,196.73945853080534,0.0001999600079984003,0.01279744051189762,0.8985795449432339,93.0,5.0
mean_response_s,0.16,12,100,78.40311563269569,59.15671418180678,99.4410004467113,0.0001999600079984003,0.01279744051189762,0.754861789107885,90.0,8.0
mean_response_s,0.16,14,100,52.5855017325,40.09068515101947,65.36658665945349,0.0001999600079984003,0.01279744051189762,0.8030149208527156,84.0,14.000000000000002
mean_response_s,0.16,16,100,37.91184405196137,27.87203668989185,48.924146083844946,0.0001999600079984003,0.01279744051189762,0.7078523805971315,75.0,21.0
mean_response_s,0.16,20,100,25.0363458396015,17.671508972294856,33.39427974592486,0.0001999600079984003,0.01279744051189762,0.6158691124633016,69.0,30.0
mean_response_s,0.16,24,100,19.28869305341458,13.365552971998127,25.906361217010573,0.0001999600079984003,0.01279744051189762,0.612042890800752,63.0,36.0
mean_response_s,0.16,32,100,11.506596230377262,8.11328402898831,15.108363516329822,0.0001999600079984003,0.01279744051189762,0.6359017331148765,61.0,37.0
mean_response_s,0.18,8,100,225.36663515266108,186.06664215278698,266.6064068003912,0.0001999600079984003,0.01279744051189762,1.0779976628765995,93.0,5.0
mean_response_s,0.18,10,100,129.26207259142322,98.72807890024175,159.53007014050888,0.0001999600079984003,0.01279744051189762,0.8232517848961239,92.0,5.0
mean_response_s,0.18,12,100,81.52981577518322,62.03959636174196,102.34584620443779,0.0001999600079984003,0.01279744051189762,0.7886138711993472,87.0,11.0
mean_response_s,0.18,14,100,61.159138241763344,45.49966519129953,77.48579717421659,0.0001999600079984003,0.01279744051189762,0.7617174289304159,84.0,13.0
mean_response_s,0.18,16,100,44.97743923562153,33.11124755827336,59.13136981132736,0.0001999600079984003,0.01279744051189762,0.6741191577885245,79.0,18.0
mean_response_s,0.18,20,100,26.5378895577977,18.68130525606737,35.71982525669986,0.0001999600079984003,0.01279744051189762,0.6037301338806417,68.0,30.0
mean_response_s,0.18,24,100,20.350070388270925,13.467320315956213,28.2932753001753,0.0001999600079984003,0.01279744051189762,0.5194437228502171,61.0,36.0
mean_response_s,0.18,32,100,9.561923587952124,6.647754418393043,12.84116211074755,0.0001999600079984003,0.01279744051189762,0.5928039800732047,54.0,45.0
mean_response_s,0.2,8,100,214.20030395546493,170.67641686801218,261.85758320129753,0.0001999600079984003,0.01279744051189762,0.915339380042145,87.0,11.0
mean_response_s,0.2,10,100,129.22272498957318,100.53871658157581,161.05527315594247,0.0001999600079984003,0.01279744051189762,0.8197163295050793,83.0,13.0
mean_response_s,0.2,12,100,89.78325963601925,67.18760554712331,114.95547580021393,0.0001999600079984003,0.01279744051189762,0.743390422079031,78.0,18.0
mean_response_s,0.2,14,100,57.21593628448818,40.02247660995337,75.77414042514178,0.0001999600079984003,0.01279744051189762,0.6220487547133715,78.0,18.0
mean_response_s,0.2,16,100,44.44276874242912,30.15793565451978,59.09262546299943,0.0001999600079984003,0.01279744051189762,0.5884594312310066,73.0,23.0
mean_response_s,0.2,20,100,29.71293710901977,20.32546711635472,40.45473461723407,0.0001999600079984003,0.01279744051189762,0.5564876595205925,67.0,33.0
mean_response_s,0.2,24,100,24.322157570717565,16.13335163142877,33.761270405688016,0.0001999600079984003,0.01279744051189762,0.5383964936609343,59.0,40.0
mean_response_s,0.2,32,100,10.731933652613154,7.181368377613907,14.750737649317038,0.0001999600079984003,0.01279744051189762,0.555975543879559,54.0,44.0
median_response_s,0.1,8,100,190.26650882371746,146.46977809502633,237.26472434568112,0.0001999600079984003,0.01279744051189762,0.8162401705119104,85.0,5.0
median_response_s,0.1,10,100,86.40906648888547,53.93617555957915,120.29223941313833,0.0001999600079984003,0.01279744051189762,0.499780100166737,68.0,10.0
median_response_s,0.1,12,100,54.977322171279454,33.48860857737536,78.32180987796937,0.0001999600079984003,0.01279744051189762,0.4745678543471775,65.0,13.0
median_response_s,0.1,14,100,38.225863252484686,23.28098492089978,54.10082048516741,0.0001999600079984003,0.01279744051189762,0.4921306404781171,59.0,22.0
median_response_s,0.1,16,100,26.41069735774311,14.62876520790138,38.73033297257512,0.0001999600079984003,0.01279744051189762,0.42390543879088827,49.0,30.0
median_response_s,0.1,20,100,20.707956222949385,12.752936299069923,28.997369157833308,0.0001999600079984003,0.01279744051189762,0.49333255118134184,50.0,32.0
median_response_s,0.1,24,100,17.676078247602142,10.011558109870968,25.323343109995598,0.0001999600079984003,0.01279744051189762,0.44905165052472407,53.0,28.999999999999996
median_response_s,0.1,32,100,8.995972092536025,3.803528784817877,14.21037786047519,0.0005998800239952009,0.01279744051189762,0.3377775613182168,43.0,44.0
median_response_s,0.12,8,100,226.62072690748946,167.51295507723913,291.24796865193326,0.0001999600079984003,0.01279744051189762,0.7079437004714432,84.0,4.0
median_response_s,0.12,10,100,117.26284286493909,83.98496531217056,152.75217737133906,0.0001999600079984003,0.01279744051189762,0.6487961890083094,75.0,10.0
median_response_s,0.12,12,100,71.20051337102542,44.26857813022211,100.99183387358423,0.0001999600079984003,0.01279744051189762,0.48163574964801326,68.0,10.0
median_response_s,0.12,14,100,48.01688116036018,29.79044796869707,65.97556553302957,0.0001999600079984003,0.01279744051189762,0.5013033415951104,63.0,16.0
median_response_s,0.12,16,100,24.868795137308936,9.133715325587728,40.37356195261038,0.0021995600879824036,0.026994601079784044,0.3126582898159659,50.0,24.0
median_response_s,0.12,20,100,18.482374192336266,9.5557633250151,28.534107543699054,0.0001999600079984003,0.01279744051189762,0.38438018752483577,46.0,32.0
median_response_s,0.12,24,100,20.37791993384214,11.743285145055244,29.908947294129117,0.0001999600079984003,0.01279744051189762,0.43771029810782297,49.0,33.0
median_response_s,0.12,32,100,12.04880624213404,6.188146899596155,18.558723783031404,0.0001999600079984003,0.01279744051189762,0.38429123333547877,40.0,48.0
median_response_s,0.13,8,100,225.40853023713206,169.79911989130403,288.89148537106456,0.0001999600079984003,0.01279744051189762,0.7194426401789527,84.0,7.000000000000001
median_response_s,0.13,10,100,108.99702302004177,73.47368650501345,146.85890997236683,0.0001999600079984003,0.01279744051189762,0.5792398259861121,71.0,10.0
median_response_s,0.13,12,100,68.1023313819632,45.62250560015003,92.4389717159109,0.0001999600079984003,0.01279744051189762,0.5515916764100961,67.0,12.0
median_response_s,0.13,14,100,44.493127091286844,28.513821777903058,60.938259022371376,0.0001999600079984003,0.01279744051189762,0.5327618183834378,55.00000000000001,20.0
median_response_s,0.13,16,100,23.78506611009084,9.254733801349948,38.375298459709825,0.001999600079984003,0.026994601079784044,0.310764481375451,47.0,26.0
median_response_s,0.13,20,100,16.665182926359147,6.824196206490147,26.213543576358568,0.001999600079984003,0.026994601079784044,0.3337503698708871,46.0,35.0
median_response_s,0.13,24,100,20.38803350942086,10.532744534782148,30.3842160844378,0.0001999600079984003,0.01279744051189762,0.4068823193739366,45.0,39.0
median_response_s,0.13,32,100,10.004724344389324,4.452563301951092,15.656636569716026,0.0005998800239952009,0.01279744051189762,0.3498115528239458,40.0,50.0
median_response_s,0.14,8,100,226.15301135275524,163.4876039702868,296.793117811662,0.0001999600079984003,0.01279744051189762,0.6576600130277979,83.0,5.0
median_response_s,0.14,10,100,97.9792142398375,59.96699740266275,133.97479413118984,0.0001999600079984003,0.01279744051189762,0.5060120608750738,73.0,8.0
median_response_s,0.14,12,100,59.21073817668786,34.2956322654381,86.20798055529158,0.0001999600079984003,0.01279744051189762,0.44800132636245665,62.0,17.0
median_response_s,0.14,14,100,37.94532401028883,14.861716120830186,60.174098196907046,0.001799640071985603,0.026994601079784044,0.32377856691492335,56.00000000000001,16.0
median_response_s,0.14,16,100,27.292311258288102,9.417783149151763,44.20561021385235,0.0033993201359728054,0.027994401119776045,0.2962508511594099,46.0,25.0
median_response_s,0.14,20,100,25.17035516396563,13.87684470849377,37.28605613253429,0.0001999600079984003,0.01279744051189762,0.40498254685220453,43.0,34.0
median_response_s,0.14,24,100,18.79873000626534,9.276326175314347,28.558740568597877,0.0003999200159968006,0.01279744051189762,0.38394448834544703,45.0,38.0
median_response_s,0.14,32,100,7.044804490800594,1.0873407575690217,13.182469414240314,0.02299540091981604,0.06898620275944811,0.22633019602068166,39.0,46.0
median_response_s,0.15,8,100,197.90228937564734,144.82957539497323,255.66906797748555,0.0001999600079984003,0.01279744051189762,0.6972961401097005,77.0,6.0
median_response_s,0.15,10,100,109.81929540097062,70.18154433294052,151.166824746823,0.0001999600079984003,0.01279744051189762,0.5402942024714208,71.0,8.0
median_response_s,0.15,12,100,75.70462152859356,47.4370063797925,103.88660166393873,0.0001999600079984003,0.01279744051189762,0.528946374569174,65.0,16.0
median_response_s,0.15,14,100,37.85168684807369,14.09135022164572,62.23416120782226,0.0009998000399920016,0.016996600679864027,0.3079528846086705,54.0,17.0
median_response_s,0.15,16,100,33.297624494876814,12.146688718806688,54.75997211974863,0.0027994401119776045,0.027994401119776045,0.31066756344148755,51.0,21.0
median_response_s,0.15,20,100,26.35142925335201,12.130833547199302,40.0750909830579,0.0001999600079984003,0.01279744051189762,0.374246684525085,49.0,30.0
median_response_s,0.15,24,100,20.54940843058719,9.661607755287736,32.13445011258877,0.0007998400319936012,0.014397120575884822,0.35687704606502296,45.0,34.0
median_response_s,0.15,32,100,6.687172571966756,0.281410030416193,13.139126080725182,0.03759248150369926,0.07518496300739852,0.20907384765044157,36.0,48.0
median_response_s,0.16,8,100,209.90669015775308,154.5942701477127,269.1984370206819,0.0001999600079984003,0.01279744051189762,0.7070821608913425,77.0,12.0
median_response_s,0.16,10,100,114.90790507668423,78.466662023992,152.11242620549152,0.0001999600079984003,0.01279744051189762,0.6161487861307264,73.0,10.0
median_response_s,0.16,12,100,62.446908444334134,38.85056533751401,86.2856810119264,0.0001999600079984003,0.01279744051189762,0.5173202229241537,60.0,23.0
median_response_s,0.16,14,100,38.48258784453845,15.63754373533183,61.96011662068003,0.0015996800639872025,0.02559488102379524,0.3197683387049956,54.0,21.0
median_response_s,0.16,16,100,25.66807557160831,8.13170452220123,45.3071596542591,0.008198360327934412,0.033993201359728054,0.26950035585286103,45.0,31.0
median_response_s,0.16,20,100,26.890466752179858,15.212660733495198,40.24607077418226,0.0001999600079984003,0.01279744051189762,0.4101171121423652,42.0,45.0
median_response_s,0.16,24,100,20.37592702183872,10.147551695082285,31.401026130129186,0.0003999200159968006,0.01279744051189762,0.3685265867541193,41.0,43.0
median_response_s,0.16,32,100,4.736205271480967,-0.22379415394073787,9.904413059980882,0.07118576284743051,0.07518496300739852,0.18287948845125224,32.0,51.0
median_response_s,0.18,8,100,176.42417803621865,114.2488448071639,241.5785087802534,0.0001999600079984003,0.01279744051189762,0.5532297976877033,77.0,10.0
median_response_s,0.18,10,100,101.69660315112725,69.68896755096915,134.56095455956063,0.0001999600079984003,0.01279744051189762,0.6075935385274465,72.0,17.0
median_response_s,0.18,12,100,74.45690923786509,49.479693632665494,100.9232879930269,0.0001999600079984003,0.01279744051189762,0.566230217793501,65.0,14.000000000000002
median_response_s,0.18,14,100,50.667623636851,28.158664586519574,74.81902903341516,0.0001999600079984003,0.01279744051189762,0.4272984697943693,59.0,24.0
median_response_s,0.18,16,100,32.501915496271664,16.260467914646128,49.804894869581645,0.0001999600079984003,0.01279744051189762,0.38572623526655425,49.0,34.0
median_response_s,0.18,20,100,21.271517828607486,10.908106396094437,32.98847644697211,0.0003999200159968006,0.01279744051189762,0.3824493966789878,40.0,47.0
median_response_s,0.18,24,100,11.701724174558986,4.12069787685264,19.77279403573925,0.004199160167966407,0.027994401119776045,0.28684236326628876,33.0,56.00000000000001
median_response_s,0.18,32,100,8.610310301470072,2.8817806474374947,14.466829925442303,0.0027994401119776045,0.027994401119776045,0.2939284929635581,33.0,56.00000000000001
median_response_s,0.2,8,100,191.3901908895138,139.77017271244583,249.83275817614887,0.0001999600079984003,0.01279744051189762,0.6994277534139289,74.0,16.0
median_response_s,0.2,10,100,111.07438915110271,75.60098156357166,147.07930747805946,0.0001999600079984003,0.01279744051189762,0.6263222778692383,68.0,19.0
median_response_s,0.2,12,100,91.02750276673764,60.69681222595755,122.05818875449742,0.0001999600079984003,0.01279744051189762,0.568633023306764,68.0,22.0
median_response_s,0.2,14,100,64.24684379458138,39.294015550253974,91.14045930905225,0.0001999600079984003,0.01279744051189762,0.47801519901463124,57.99999999999999,24.0
median_response_s,0.2,16,100,43.92359233063418,25.014999453734774,63.579825053560384,0.0001999600079984003,0.01279744051189762,0.44033925871847435,49.0,33.0
median_response_s,0.2,20,100,18.662965128891557,5.966586816723283,33.39159681197071,0.006798640271945611,0.033993201359728054,0.2681027324269178,38.0,44.0
median_response_s,0.2,24,100,13.889981353985513,4.485138539521754,24.445964986575554,0.003199360127974405,0.027994401119776045,0.28281189155456365,38.0,51.0
median_response_s,0.2,32,100,7.2311717342400925,2.8010243640521977,11.89637905569231,0.001799640071985603,0.026994601079784044,0.3094085449582388,34.0,57.99999999999999
p90_response_s,0.1,8,100,435.99828495687825,365.7391984623398,515.1151844082758,0.0001999600079984003,0.01279744051189762,1.1279299851580666,96.0,1.0
p90_response_s,0.1,10,100,203.6430016249451,151.97477846381696,257.8929255210003,0.0001999600079984003,0.01279744051189762,0.7414519023507938,76.0,3.0
p90_response_s,0.1,12,100,111.32035783029379,78.90064309155346,143.2316596403618,0.0001999600079984003,0.01279744051189762,0.675018040944943,77.0,8.0
p90_response_s,0.1,14,100,92.0706272542073,62.258107812792844,121.96639356154851,0.0001999600079984003,0.01279744051189762,0.6043616187012638,65.0,13.0
p90_response_s,0.1,16,100,82.229056758305,57.650564290849104,108.67268281481235,0.0001999600079984003,0.01279744051189762,0.6284291984977316,65.0,17.0
p90_response_s,0.1,20,100,41.09928823341044,20.763761516229483,65.88681416564988,0.0001999600079984003,0.01279744051189762,0.368228266579039,53.0,22.0
p90_response_s,0.1,24,100,22.13996766278959,9.236661372364702,36.87369329313591,0.002599480103979204,0.025994801039792043,0.31178573793727593,42.0,32.0
p90_response_s,0.1,32,100,10.297452228389819,2.657124446140875,18.81353159450927,0.016996600679864027,0.10197960407918416,0.2427898253563287,38.0,38.0
p90_response_s,0.12,8,100,450.31383262537224,359.7138408346605,561.9791651657725,0.0001999600079984003,0.01279744051189762,0.8600455740016929,91.0,1.0
p90_response_s,0.12,10,100,256.86902593060944,193.8241778233228,326.0328923433065,0.0001999600079984003,0.01279744051189762,0.742938778547361,81.0,4.0
p90_response_s,0.12,12,100,140.0925986023401,84.777305910945,214.67123978153182,0.0001999600079984003,0.01279744051189762,0.4234242443079132,68.0,9.0
p90_response_s,0.12,14,100,115.43108207976314,79.12586665314129,151.57493996167906,0.0001999600079984003,0.01279744051189762,0.6083941313176463,69.0,14.000000000000002
p90_response_s,0.12,16,100,79.50160571917694,50.6052360609418,109.78097257290962,0.0001999600079984003,0.01279744051189762,0.5215333059140286,69.0,18.0
p90_response_s,0.12,20,100,35.88789398868996,14.060857613286698,59.13103444588765,0.001799640071985603,0.021595680863827234,0.30800583361852674,51.0,21.0
p90_response_s,0.12,24,100,16.25704355698025,-2.270487960519843,34.68303669507834,0.08238352329534093,0.10197960407918416,0.17212863758877128,36.0,31.0
p90_response_s,0.12,32,100,10.298937642145473,2.37339897004376,19.00958035693565,0.016996600679864027,0.10197960407918416,0.24275551220188546,34.0,43.0
p90_response_s,0.13,8,100,453.1830738130054,353.06465674239234,560.7377290622563,0.0001999600079984003,0.01279744051189762,0.8291875544406225,88.0,2.0
p90_response_s,0.13,10,100,244.54877449684065,183.53144603305813,313.2111742434063,0.0001999600079984003,0.01279744051189762,0.7079403428864287,75.0,8.0
p90_response_s,0.13,12,100,121.18204557162271,75.97138349836035,173.58326304039574,0.0001999600079984003,0.01279744051189762,0.4844505409850873,62.0,10.0
p90_response_s,0.13,14,100,79.62613177722757,42.34121058265202,116.72900226290815,0.0001999600079984003,0.01279744051189762,0.4239270335888369,63.0,12.0
p90_response_s,0.13,16,100,68.73924262089434,37.467193661153416,101.30291441755848,0.0003999200159968006,0.01279744051189762,0.4210327876102858,63.0,16.0
p90_response_s,0.13,20,100,34.10774737369463,13.402473599136954,57.14446352260312,0.001999600079984003,0.021995600879824034,0.31007063439469834,46.0,20.0
p90_response_s,0.13,24,100,17.54779023824253,3.6512539590079154,33.01121609508007,0.019396120775844832,0.10197960407918416,0.23328332795550952,35.0,31.0
p90_response_s,0.13,32,100,13.83236468208598,1.948860187767568,26.38878813339962,0.020595880823835233,0.10197960407918416,0.2315260471583981,33.0,43.0
p90_response_s,0.14,8,100,549.250661067595,435.8782877402204,672.510551229353,0.0001999600079984003,0.01279744051189762,0.9156972121926491,93.0,0.0
p90_response_s,0.14,10,100,266.1377377004083,195.62314270522575,342.8501020794673,0.0001999600079984003,0.01279744051189762,0.7134029703591024,76.0,6.0
p90_response_s,0.14,12,100,171.23689753409778,101.81235794885387,258.8442650177925,0.0001999600079984003,0.01279744051189762,0.42067483680476747,67.0,13.0
p90_response_s,0.14,14,100,93.81169604691765,45.48536556746771,148.05146306917368,0.0001999600079984003,0.01279744051189762,0.36237014165046044,62.0,12.0
p90_response_s,0.14,16,100,91.74495362586453,62.26361331298473,123.61063333551006,0.0001999600079984003,0.01279744051189762,0.5733456012796918,64.0,15.0
p90_response_s,0.14,20,100,44.10872546243821,22.690609191714167,68.74330731088875,0.0003999200159968006,0.01279744051189762,0.36787465601558816,52.0,19.0
p90_response_s,0.14,24,100,31.251542651882822,16.17152293075802,48.35254406879677,0.0001999600079984003,0.01279744051189762,0.3835090445399619,48.0,28.000000000000004
p90_response_s,0.14,32,100,22.364139362270475,11.066868520290013,35.11915880187265,0.0001999600079984003,0.01279744051189762,0.3588930842811431,37.0,39.0
p90_response_s,0.15,8,100,512.5908789279,414.2512105060052,620.4818560513114,0.0001999600079984003,0.01279744051189762,1.0072167240216956,96.0,0.0
p90_response_s,0.15,10,100,310.7931992367161,238.14933390771108,386.19899396927264,0.0001999600079984003,0.01279744051189762,0.8302588239293109,79.0,5.0
p90_response_s,0.15,12,100,170.68843317536806,95.94347439918315,266.1366025926394,0.0001999600079984003,0.01279744051189762,0.3893644686443594,68.0,7.000000000000001
p90_response_s,0.15,14,100,96.3952849211346,39.761168585443414,159.71119190528907,0.0007998400319936012,0.013597280543891222,0.31858286222235804,68.0,11.0
p90_response_s,0.15,16,100,79.53923612397172,44.43280264724847,119.84709714592495,0.0001999600079984003,0.01279744051189762,0.4232215093986769,61.0,18.0
p90_response_s,0.15,20,100,57.324989640633895,29.8214226845828,89.44144129454537,0.0001999600079984003,0.01279744051189762,0.38064870640331844,56.00000000000001,21.0
p90_response_s,0.15,24,100,37.29832366155937,16.714480744690515,61.853911780267886,0.0001999600079984003,0.01279744051189762,0.3252645824567991,43.0,32.0
p90_response_s,0.15,32,100,26.002545552464394,12.889204572988694,40.312310535242794,0.0001999600079984003,0.01279744051189762,0.3655494560215373,42.0,38.0
p90_response_s,0.16,8,100,477.5138906823991,374.33329857283815,585.7411227994353,0.0001999600079984003,0.01279744051189762,0.8769439732181656,90.0,1.0
p90_response_s,0.16,10,100,318.1536571114937,235.0749258647143,409.7748367168051,0.0001999600079984003,0.01279744051189762,0.715351885964545,78.0,5.0
p90_response_s,0.16,12,100,138.19416677243854,93.8352687656721,185.6493484186202,0.0001999600079984003,0.01279744051189762,0.5665514528771031,67.0,12.0
p90_response_s,0.16,14,100,87.33634197756446,48.31008706717385,129.21433330233106,0.0001999600079984003,0.01279744051189762,0.43075095274471026,61.0,15.0
p90_response_s,0.16,16,100,50.02980786378446,14.992051682468693,84.29964704091783,0.0033993201359728054,0.027194561087782444,0.2939031593492158,54.0,21.0
p90_response_s,0.16,20,100,38.501204424301406,18.095566403433306,62.883568553123624,0.0001999600079984003,0.01279744051189762,0.3305650572767996,45.0,28.999999999999996
p90_response_s,0.16,24,100,25.39300893950691,9.918652408853013,43.44583739931572,0.0027994401119776045,0.025994801039792043,0.3017753636362372,38.0,35.0
p90_response_s,0.16,32,100,22.38042719869452,10.839747270432634,35.094934722323586,0.0009998000399920016,0.013997200559888023,0.35278232603970916,39.0,41.0
p90_response_s,0.18,8,100,404.70364861454925,314.97776991765306,499.07702729641824,0.0001999600079984003,0.01279744051189762,0.8701351424527098,87.0,5.0
p90_response_s,0.18,10,100,219.18524873626728,141.73985742999182,295.7039306291191,0.0001999600079984003,0.01279744051189762,0.5744727875872725,75.0,10.0
p90_response_s,0.18,12,100,132.07833823290937,88.00887904935968,179.02072013301913,0.0001999600079984003,0.01279744051189762,0.5656608183531057,70.0,13.0
p90_response_s,0.18,14,100,93.36556062536353,56.45256969777146,132.19100018312642,0.0001999600079984003,0.01279744051189762,0.47772142489347025,57.99999999999999,17.0
p90_response_s,0.18,16,100,64.1984050063226,29.11162998843549,102.42183585873664,0.0003999200159968006,0.01279744051189762,0.34553489711114194,54.0,17.0
p90_response_s,0.18,20,100,42.071796551166976,17.542451545616398,68.6501681739425,0.0007998400319936012,0.013597280543891222,0.3173431351746786,39.0,32.0
p90_response_s,0.18,24,100,31.236208533252377,11.610227611807554,56.248150101152035,0.0015996800639872025,0.020795840831833633,0.27167135570549095,28.000000000000004,45.0
p90_response_s,0.18,32,100,14.127256748031744,3.1458169818474047,26.61507302122759,0.018196360727854428,0.10197960407918416,0.23565884634376363,28.000000000000004,54.0
p90_response_s,0.2,8,100,362.82653842477674,271.6648638300667,460.44505151782636,0.0001999600079984003,0.01279744051189762,0.7599949467983552,72.0,14.000000000000002
p90_response_s,0.2,10,100,211.19351459426719,143.84504087123597,279.1472132986467,0.0001999600079984003,0.01279744051189762,0.6209748080291655,65.0,17.0
p90_response_s,0.2,12,100,128.15111482593466,80.30014200351789,179.62700784089327,0.0001999600079984003,0.01279744051189762,0.5084720769911519,62.0,21.0
p90_response_s,0.2,14,100,67.5002413525654,24.199249990687072,109.06888318401442,0.0007998400319936012,0.013597280543891222,0.32716630148374004,55.00000000000001,25.0
p90_response_s,0.2,16,100,61.824601772485494,33.98924184122602,90.81068972046606,0.0001999600079984003,0.01279744051189762,0.42317744808210694,54.0,26.0
p90_response_s,0.2,20,100,45.65445729229599,22.22706732793228,71.96149570129558,0.0001999600079984003,0.01279744051189762,0.35974798149636167,41.0,36.0
p90_response_s,0.2,24,100,38.025461566342926,17.27759721862385,61.744150800638906,0.0003999200159968006,0.01279744051189762,0.32682070031129784,35.0,43.0
p90_response_s,0.2,32,100,17.819569882673722,5.678309964315877,32.53618875148823,0.009798040391921616,0.06858628274345131,0.2534245761342591,30.0,53.0
total_response_s,0.1,8,100,1780.8731826216056,1555.7391767375082,2012.823735388968,0.0001999600079984003,0.01279744051189762,1.4984628182172166,100.0,0.0
total_response_s,0.1,10,100,1138.518007644074,984.7579386531323,1304.4531242192577,0.0001999600079984003,0.01279744051189762,1.3474682110262968,99.0,1.0
total_response_s,0.1,12,100,658.9186511373669,531.9630005401553,789.1552340307085,0.0001999600079984003,0.01279744051189762,1.0206457194531067,98.0,1.0
total_response_s,0.1,14,100,481.76685664329096,390.3277150849865,573.2601719156881,0.0001999600079984003,0.01279744051189762,1.0644354715570312,88.0,9.0
total_response_s,0.1,16,100,335.61440088864913,265.33158768093506,408.96095499649437,0.0001999600079984003,0.01279744051189762,0.9086067576969313,87.0,8.0
total_response_s,0.1,20,100,204.4055774075193,159.81327852575973,253.78430772377428,0.0001999600079984003,0.01279744051189762,0.8556492892934633,87.0,8.0
total_response_s,0.1,24,100,151.00161056632797,112.2352002985891,195.29809396849078,0.0001999600079984003,0.01279744051189762,0.7107581919636838,84.0,10.0
total_response_s,0.1,32,100,96.28356776849009,72.36275195256488,121.34123201133227,0.0001999600079984003,0.01279744051189762,0.7647923852988391,73.0,18.0
total_response_s,0.12,8,100,1829.538454559964,1557.3138613351775,2119.311908128122,0.0001999600079984003,0.01279744051189762,1.2376737771581292,99.0,0.0
total_response_s,0.12,10,100,1260.9574488819064,1047.8371617069686,1482.8048248747427,0.0001999600079984003,0.01279744051189762,1.1155423880195214,97.0,0.0
total_response_s,0.12,12,100,745.5026732439966,577.689117665382,931.91935355225,0.0001999600079984003,0.01279744051189762,0.8130181012685652,92.0,3.0
total_response_s,0.12,14,100,551.9885993490293,439.4982762666093,668.7959040319173,0.0001999600079984003,0.01279744051189762,0.9373862144422159,90.0,6.0
total_response_s,0.12,16,100,364.90246041792324,254.6667061457223,473.1152718263872,0.0001999600079984003,0.01279744051189762,0.6478028780916671,87.0,9.0
total_response_s,0.12,20,100,178.85994853104927,121.41765644880205,233.43680916517587,0.0001999600079984003,0.01279744051189762,0.6147892862201354,82.0,12.0
total_response_s,0.12,24,100,145.90893607182122,90.38348700991168,201.6685478762493,0.0001999600079984003,0.01279744051189762,0.5101021001988507,80.0,11.0
total_response_s,0.12,32,100,90.93166848394175,56.23513391967429,124.89244319158804,0.0001999600079984003,0.01279744051189762,0.5107875011479575,68.0,23.0
total_response_s,0.13,8,100,1749.9181045816397,1485.9799036037666,2057.175604743896,0.0001999600079984003,0.01279744051189762,1.1735205023150963,98.0,0.0
total_response_s,0.13,10,100,1184.559380721957,982.7630781037495,1393.1046057020092,0.0001999600079984003,0.01279744051189762,1.0907066130706833,94.0,1.0
total_response_s,0.13,12,100,650.413617943874,501.50664874710264,812.7188874060098,0.0001999600079984003,0.01279744051189762,0.7840336521287277,89.0,3.0
total_response_s,0.13,14,100,464.68811107000704,350.1572013631344,587.7224759603619,0.0001999600079984003,0.01279744051189762,0.765940114228617,84.0,10.0
total_response_s,0.13,16,100,303.9508362687628,201.3871533283645,409.62538974572243,0.0001999600079984003,0.01279744051189762,0.5654791231695736,80.0,13.0
total_response_s,0.13,20,100,195.24485000648917,151.28218384494957,243.70349100606,0.0001999600079984003,0.01279744051189762,0.8160870758026495,80.0,13.0
total_response_s,0.13,24,100,155.500026412339,116.03805949919284,200.20858401740716,0.0001999600079984003,0.01279744051189762,0.7104267620363633,78.0,15.0
total_response_s,0.13,32,100,104.24618137578221,76.94860040029997,133.19308887286894,0.0001999600079984003,0.01279744051189762,0.7037715253532589,70.0,21.0
total_response_s,0.14,8,100,1911.4053864847144,1612.5288665550463,2246.599027453167,0.0001999600079984003,0.01279744051189762,1.1680459086191037,98.0,0.0
total_response_s,0.14,10,100,1208.553972110068,995.4050671977175,1428.4727144347182,0.0001999600079984003,0.01279744051189762,1.0895834602226324,97.0,1.0
total_response_s,0.14,12,100,711.7413236469703,532.6009328699552,908.9054727736591,0.0001999600079984003,0.01279744051189762,0.7096562271164052,90.0,4.0
total_response_s,0.14,14,100,507.06856195359086,362.1013615520193,688.1568225376685,0.0001999600079984003,0.01279744051189762,0.601309797597432,85.0,9.0
total_response_s,0.14,16,100,354.9674643716999,262.2331487230333,453.18168421352004,0.0001999600079984003,0.01279744051189762,0.7106652940570146,89.0,6.0
total_response_s,0.14,20,100,237.80230721520712,175.24319137154043,309.8286375376296,0.0001999600079984003,0.01279744051189762,0.6857525020728439,79.0,14.000000000000002
total_response_s,0.14,24,100,182.02922885802724,132.7023436173371,235.58525175136703,0.0001999600079984003,0.01279744051189762,0.7013700046585702,82.0,13.0
total_response_s,0.14,32,100,115.0268315850582,85.53734203865038,147.9593654706897,0.0001999600079984003,0.01279744051189762,0.7232531536296893,76.0,14.000000000000002
total_response_s,0.15,8,100,1776.5849785579537,1502.75499149206,2068.643254885708,0.0001999600079984003,0.01279744051189762,1.2384335139257932,96.0,1.0
total_response_s,0.15,10,100,1267.071963531044,1052.9144187641657,1501.0026986170985,0.0001999600079984003,0.01279744051189762,1.0749688481636903,95.0,2.0
total_response_s,0.15,12,100,763.5752994247001,574.9909300626946,989.2914157221875,0.0001999600079984003,0.01279744051189762,0.7353014591816951,92.0,1.0
total_response_s,0.15,14,100,486.3260986537967,346.9993595538276,672.2238938121059,0.0001999600079984003,0.01279744051189762,0.5726055286986068,87.0,7.000000000000001
total_response_s,0.15,16,100,373.84566327262417,276.68332473476863,471.88638062304,0.0001999600079984003,0.01279744051189762,0.747582903573713,83.0,12.0
total_response_s,0.15,20,100,266.55693805645126,196.94601468228745,353.1582086536226,0.0001999600079984003,0.01279744051189762,0.665576038796189,83.0,12.0
total_response_s,0.15,24,100,213.44697637647735,150.21084773741308,286.5478083147512,0.0001999600079984003,0.01279744051189762,0.621357714490906,79.0,14.000000000000002
total_response_s,0.15,32,100,119.43748160636936,86.21638452935235,156.91944578761735,0.0001999600079984003,0.01279744051189762,0.6607026887364623,66.0,25.0
total_response_s,0.16,8,100,1610.2970684387494,1297.9044906703286,1931.582605664023,0.0001999600079984003,0.01279744051189762,0.9829446211157772,94.0,2.0
total_response_s,0.16,10,100,1197.5526577073647,918.7664232990195,1497.4053244833592,0.0001999600079984003,0.01279744051189762,0.8053405800971909,95.0,3.0
total_response_s,0.16,12,100,608.5800364250265,433.5466876478515,788.4189537248425,0.0001999600079984003,0.01279744051189762,0.6792111758099952,88.0,7.000000000000001
total_response_s,0.16,14,100,409.5485207270861,300.77618984044136,524.2284130689976,0.0001999600079984003,0.01279744051189762,0.7144183111243678,84.0,11.0
total_response_s,0.16,16,100,307.1920304928342,217.1411112427702,403.94481633315394,0.0001999600079984003,0.01279744051189762,0.6382886133261404,80.0,14.000000000000002
total_response_s,0.16,20,100,205.8571277496359,143.1077068831765,280.08855203266256,0.0001999600079984003,0.01279744051189762,0.5837054325231869,77.0,22.0
total_response_s,0.16,24,100,166.64707884213468,117.29133141401573,219.682924491746,0.0001999600079984003,0.01279744051189762,0.6196318891078011,66.0,18.0
total_response_s,0.16,32,100,98.92973579980081,70.74743102272433,129.71091994110088,0.0001999600079984003,0.01279744051189762,0.6427955446630854,70.0,22.0
total_response_s,0.18,8,100,1216.5771973950157,999.8584616240081,1449.922617481665,0.0001999600079984003,0.01279744051189762,1.052502787024567,92.0,4.0
total_response_s,0.18,10,100,845.6132272101238,606.8313324590948,1085.9224472418914,0.0001999600079984003,0.01279744051189762,0.6865419591085515,92.0,3.0
total_response_s,0.18,12,100,561.5637861178037,396.99991900663923,729.0518053020687,0.0001999600079984003,0.01279744051189762,0.6657369021908434,86.0,8.0
total_response_s,0.18,14,100,434.09183265860463,318.69611701961304,558.600869757593,0.0001999600079984003,0.01279744051189762,0.685430664684756,85.0,10.0
total_response_s,0.18,16,100,345.463932211391,239.48887648527102,463.7466329826118,0.0001999600079984003,0.01279744051189762,0.6090503342612547,79.0,12.0
total_response_s,0.18,20,100,202.5630286396485,128.4488561361826,284.66911613533637,0.0001999600079984003,0.01279744051189762,0.5033011531430104,68.0,24.0
total_response_s,0.18,24,100,168.52519012730835,111.7749461761856,232.855561721085,0.0001999600079984003,0.01279744051189762,0.5167008884340041,66.0,26.0
total_response_s,0.18,32,100,81.19388674008982,55.70683653383863,108.30907061736842,0.0001999600079984003,0.01279744051189762,0.5951916011765928,59.0,30.0
total_response_s,0.2,8,100,1028.6295111557909,810.427748859058,1251.477080109161,0.0001999600079984003,0.01279744051189762,0.9064513574529467,90.0,6.0
total_response_s,0.2,10,100,710.6642204985942,516.1228397513023,911.1832954753055,0.0001999600079984003,0.01279744051189762,0.7220235652349039,86.0,8.0
total_response_s,0.2,12,100,527.004956892925,373.3260832967853,685.6905276114258,0.0001999600079984003,0.01279744051189762,0.6522127678411919,81.0,10.0
total_response_s,0.2,14,100,341.5697372508149,202.0647824164939,480.5398978305758,0.0001999600079984003,0.01279744051189762,0.48232574998400213,80.0,12.0
total_response_s,0.2,16,100,277.935188731084,164.179090944399,401.45016470834923,0.0001999600079984003,0.01279744051189762,0.4630484476641865,75.0,14.000000000000002
total_response_s,0.2,20,100,223.15145433585883,131.2320457552537,327.1110377753449,0.0001999600079984003,0.01279744051189762,0.45296586692171203,72.0,20.0
total_response_s,0.2,24,100,198.22522085111817,129.31213090259408,278.30134839209694,0.0001999600079984003,0.01279744051189762,0.5151877257050557,71.0,20.0
total_response_s,0.2,32,100,88.36933494173238,58.99035467540843,120.74640328577722,0.0001999600079984003,0.01279744051189762,0.5551262320025897,61.0,32.0
weighted_unmet_demand,0.1,8,100,-0.35,-0.8,0.07025000000000092,0.1285742851429714,1.0,-0.15982810671681766,31.0,28.000000000000004
weighted_unmet_demand,0.1,10,100,-0.19,-0.4,-0.01,0.0669866026794641,1.0,-0.1935618542602794,3.0,88.0
weighted_unmet_demand,0.1,12,100,0.02,-0.09,0.12,1.0,1.0,0.034147880439580745,2.0,97.0
weighted_unmet_demand,0.1,14,100,0.03,0.0,0.09,1.0,1.0,0.1,1.0,99.0
weighted_unmet_demand,0.1,16,100,0.03,0.0,0.09,1.0,1.0,0.1,1.0,99.0
weighted_unmet_demand,0.1,20,100,-0.01,-0.03,0.0,1.0,1.0,-0.1,0.0,99.0
weighted_unmet_demand,0.1,24,100,-0.01,-0.03,0.0,1.0,1.0,-0.1,0.0,99.0
weighted_unmet_demand,0.1,32,100,-0.01,-0.03,0.0,1.0,1.0,-0.1,0.0,99.0
weighted_unmet_demand,0.12,8,100,-0.27,-0.69,0.16,0.21715656868626274,1.0,-0.12584532366939988,25.0,41.0
weighted_unmet_demand,0.12,10,100,-0.19,-0.44,0.03,0.13457308538292342,1.0,-0.1612848729676734,8.0,78.0
weighted_unmet_demand,0.12,12,100,0.08,-0.07,0.23,0.35332933413317336,1.0,0.10896817410838701,7.000000000000001,91.0
weighted_unmet_demand,0.12,14,100,0.04,0.0,0.12,0.5060987802439512,1.0,0.1268761639379508,2.0,98.0
weighted_unmet_demand,0.12,16,100,0.05,0.0,0.15,1.0,1.0,0.1,1.0,99.0
weighted_unmet_demand,0.12,20,100,0.01,0.0,0.03,1.0,1.0,0.1,1.0,99.0
weighted_unmet_demand,0.12,24,100,0.01,0.0,0.03,1.0,1.0,0.1,1.0,99.0
weighted_unmet_demand,0.12,32,100,0.01,0.0,0.03,1.0,1.0,0.1,1.0,99.0
weighted_unmet_demand,0.13,8,100,-0.11,-0.52,0.3002500000000009,0.6316736652669466,1.0,-0.051954303431981576,28.000000000000004,43.0
weighted_unmet_demand,0.13,10,100,-0.14,-0.39,0.1,0.33293341331733656,1.0,-0.1094295254117644,10.0,74.0
weighted_unmet_demand,0.13,12,100,0.07,-0.09,0.23,0.45990801839632073,1.0,0.08809289609647974,6.0,90.0
weighted_unmet_demand,0.13,14,100,0.05,-0.08,0.17,0.5642871425714857,1.0,0.07991931414991968,4.0,95.0
weighted_unmet_demand,0.13,16,100,0.07,-0.07,0.22,0.4423115376924615,1.0,0.09433601928716157,4.0,95.0
weighted_unmet_demand,0.13,20,100,-0.01,-0.03,0.0,1.0,1.0,-0.1,0.0,99.0
weighted_unmet_demand,0.13,24,100,-0.01,-0.03,0.0,1.0,1.0,-0.1,0.0,99.0
weighted_unmet_demand,0.13,32,100,-0.01,-0.03,0.0,1.0,1.0,-0.1,0.0,99.0
weighted_unmet_demand,0.14,8,100,-0.02,-0.43,0.4,0.9626074785042992,1.0,-0.009339826297827621,31.0,39.0
weighted_unmet_demand,0.14,10,100,-0.14,-0.43,0.13,0.3729254149170166,1.0,-0.09704426215756037,12.0,70.0
weighted_unmet_demand,0.14,12,100,0.14,-0.02,0.31,0.14617076584683064,1.0,0.15768377284735005,9.0,87.0
weighted_unmet_demand,0.14,14,100,0.05,-0.1,0.2,0.626874625074985,1.0,0.06382847385042255,5.0,92.0
weighted_unmet_demand,0.14,16,100,-0.04,-0.16,0.06,0.7440511897620475,1.0,-0.0684167454928235,1.0,97.0
weighted_unmet_demand,0.14,20,100,0.0,-0.09,0.09,1.0,1.0,0.0,1.0,98.0
weighted_unmet_demand,0.14,24,100,-0.04,-0.11,0.0,0.4849030193961208,1.0,-0.12687616393795076,0.0,98.0
weighted_unmet_demand,0.14,32,100,-0.04,-0.11,0.0,0.5060987802439512,1.0,-0.12687616393795076,0.0,98.0
weighted_unmet_demand,0.15,8,100,-0.06,-0.45,0.33,0.8106378724255149,1.0,-0.029641382841689035,28.999999999999996,37.0
weighted_unmet_demand,0.15,10,100,-0.01,-0.29,0.27,1.0,1.0,-0.006882636674466246,18.0,65.0
weighted_unmet_demand,0.15,12,100,0.17,0.0,0.33,0.06598680263947211,1.0,0.19919056840263055,10.0,87.0
weighted_unmet_demand,0.15,14,100,0.07,-0.09,0.23,0.4777044591081784,1.0,0.08671657498780652,6.0,91.0
weighted_unmet_demand,0.15,16,100,-0.01,-0.15,0.11,1.0,1.0,-0.015175180824278383,3.0,94.0
weighted_unmet_demand,0.15,20,100,0.0,-0.09,0.09,1.0,1.0,0.0,1.0,98.0
weighted_unmet_demand,0.15,24,100,-0.04,-0.11,0.0,0.4871025794841032,1.0,-0.12687616393795076,0.0,98.0
weighted_unmet_demand,0.15,32,100,-0.04,-0.11,0.0,0.5016996600679864,1.0,-0.12687616393795076,0.0,98.0
weighted_unmet_demand,0.16,8,100,-0.3,-0.68,0.06,0.126374725054989,1.0,-0.16164477182409742,21.0,43.0
weighted_unmet_demand,0.16,10,100,-0.06,-0.31,0.19,0.7012597480503899,1.0,-0.04666852902198152,12.0,69.0
weighted_unmet_demand,0.16,12,100,0.1,-0.11,0.32,0.41631673665266944,1.0,0.09121034881575904,10.0,82.0
weighted_unmet_demand,0.16,14,100,0.1,-0.06,0.28,0.3121375724855029,1.0,0.11645447108469659,6.0,90.0
weighted_unmet_demand,0.16,16,100,0.03,-0.1,0.16025000000000092,0.7910417916416717,1.0,0.04358189755995549,3.0,94.0
weighted_unmet_demand,0.16,20,100,0.07,0.0,0.18,0.4875024995001,1.0,0.140683764751398,2.0,98.0
weighted_unmet_demand,0.16,24,100,-0.01,-0.03,0.0,1.0,1.0,-0.1,0.0,99.0
weighted_unmet_demand,0.16,32,100,-0.01,-0.03,0.0,1.0,1.0,-0.1,0.0,99.0
weighted_unmet_demand,0.18,8,100,-0.08,-0.5,0.33,0.745250949810038,1.0,-0.03722018219417768,34.0,35.0
weighted_unmet_demand,0.18,10,100,-0.06,-0.41,0.28,0.7742451509698061,1.0,-0.03278199611199662,21.0,56.00000000000001
weighted_unmet_demand,0.18,12,100,0.26,-0.01,0.54,0.08618276344731053,1.0,0.1832747681335616,18.0,75.0
weighted_unmet_demand,0.18,14,100,0.21,0.01,0.43,0.08098380323935213,1.0,0.19027478700125294,12.0,83.0
weighted_unmet_demand,0.18,16,100,0.07,-0.08,0.23,0.48270345930813835,1.0,0.08671657498780652,6.0,90.0
weighted_unmet_demand,0.18,20,100,0.06,-0.08,0.21,0.5232953409318136,1.0,0.08307602931057095,5.0,93.0
weighted_unmet_demand,0.18,24,100,-0.02,-0.1,0.05,0.752249550089982,1.0,-0.0532604564171679,1.0,97.0
weighted_unmet_demand,0.18,32,100,-0.04,-0.12,0.0,0.5096980603879224,1.0,-0.1268761639379508,0.0,98.0
weighted_unmet_demand,0.2,8,100,0.14,-0.26,0.55,0.5402919416116777,1.0,0.06732920016070967,36.0,37.0
weighted_unmet_demand,0.2,10,100,0.0,-0.37,0.36,1.0,1.0,0.0,22.0,50.0
weighted_unmet_demand,0.2,12,100,0.29,-0.04,0.63,0.10237952409518096,1.0,0.16754726510662052,20.0,64.0
weighted_unmet_demand,0.2,14,100,0.2,-0.11,0.53,0.2731453709258148,1.0,0.11726039399558574,16.0,71.0
weighted_unmet_demand,0.2,16,100,0.12,-0.15,0.38,0.42351529694061185,1.0,0.08836820427467641,13.0,78.0
weighted_unmet_demand,0.2,20,100,0.05,-0.1,0.21,0.6394721055788842,1.0,0.06182551109690743,5.0,90.0
weighted_unmet_demand,0.2,24,100,-0.04,-0.15,0.06,0.634873025394921,1.0,-0.07285815666043922,2.0,94.0
weighted_unmet_demand,0.2,32,100,-0.06,-0.14,0.0,0.25414917016596683,1.0,-0.16164477182409737,0.0,97.0
